/*
SQLyog Ultimate v10.00 Beta1
MySQL - 5.5.15 : Database - onlinetest
*********************************************************************
*/

/*!40101 SET NAMES utf8 */;

/*!40101 SET SQL_MODE=''*/;

/*!40014 SET @OLD_UNIQUE_CHECKS=@@UNIQUE_CHECKS, UNIQUE_CHECKS=0 */;
/*!40014 SET @OLD_FOREIGN_KEY_CHECKS=@@FOREIGN_KEY_CHECKS, FOREIGN_KEY_CHECKS=0 */;
/*!40101 SET @OLD_SQL_MODE=@@SQL_MODE, SQL_MODE='NO_AUTO_VALUE_ON_ZERO' */;
/*!40111 SET @OLD_SQL_NOTES=@@SQL_NOTES, SQL_NOTES=0 */;
CREATE DATABASE /*!32312 IF NOT EXISTS*/`onlinetest` /*!40100 DEFAULT CHARACTER SET utf8mb4 COLLATE utf8mb4_unicode_ci */;

USE `onlinetest`;

/*Table structure for table `t_account` */

DROP TABLE IF EXISTS `t_account`;

CREATE TABLE `t_account` (
  `id` int(8) NOT NULL AUTO_INCREMENT COMMENT '主键ID',
  `name` varchar(63) COLLATE utf8mb4_unicode_ci DEFAULT NULL COMMENT '姓名',
  `username` varchar(30) COLLATE utf8mb4_unicode_ci DEFAULT NULL COMMENT '账号,一般为学号或者教工号',
  `password` varchar(60) COLLATE utf8mb4_unicode_ci DEFAULT NULL COMMENT '密码',
  `qq` varchar(30) COLLATE utf8mb4_unicode_ci DEFAULT NULL COMMENT 'QQ',
  `phone` varchar(30) COLLATE utf8mb4_unicode_ci DEFAULT NULL,
  `email` varchar(30) COLLATE utf8mb4_unicode_ci DEFAULT NULL COMMENT '邮箱',
  `description` varchar(63) COLLATE utf8mb4_unicode_ci DEFAULT NULL COMMENT '个人描述',
  `avatar_img_url` varchar(63) COLLATE utf8mb4_unicode_ci DEFAULT NULL COMMENT '头像',
  `state` int(8) DEFAULT '0' COMMENT '当前账号状态,0表示正常,1表示禁用',
  `level` int(8) DEFAULT '0' COMMENT '0表示学生,1表示教师,2表示管理员',
  `create_time` timestamp NULL DEFAULT CURRENT_TIMESTAMP COMMENT '创建时间',
  `update_time` datetime DEFAULT NULL COMMENT '更新时间',
  PRIMARY KEY (`id`)
) ENGINE=InnoDB AUTO_INCREMENT=10 DEFAULT CHARSET=utf8mb4 COLLATE=utf8mb4_unicode_ci;

/*Data for the table `t_account` */

insert  into `t_account`(`id`,`name`,`username`,`password`,`qq`,`phone`,`email`,`description`,`avatar_img_url`,`state`,`level`,`create_time`,`update_time`) values (2,'管理员','admin','admin','1111111111','11111111111','qq@foxmail.com','只会HelloWorld的程序员','26757b58-ddc6-43ff-ac10-23df9336277f.jpg',0,2,'2018-01-30 09:47:38','2018-10-13 11:07:02'),(6,'小波波','mrbobo','F4E57F4F1645AEB052C8EB9C158F8646','1259892859','17852864510','1259892859@qq.com','我就为空','e509e73c-ebcd-45ff-b992-24783301b15f.jpg',0,2,'2018-01-08 19:36:13','2018-10-13 11:06:58'),(7,'小丽丽','2724734500','D5279E3C3256C34B5AA12AF794241D4C','2724734500','13589935112','2724734500@qq.com','','headimg_placeholder.png',0,2,'2020-06-10 14:38:32',NULL),(9,'普通用户','user','7C0F920080D8A2FA39E6DCDCB433D47F','user','user','user','','headimg_placeholder.png',0,0,'2020-06-11 15:44:56',NULL);

/*Table structure for table `t_comment` */

DROP TABLE IF EXISTS `t_comment`;

CREATE TABLE `t_comment` (
  `id` int(8) NOT NULL AUTO_INCREMENT COMMENT '主键ID',
  `user_id` int(8) DEFAULT NULL COMMENT '用户ID',
  `post_id` int(8) DEFAULT NULL COMMENT '帖子id',
  `content` text COLLATE utf8mb4_unicode_ci COMMENT '内容',
  `create_time` timestamp NULL DEFAULT CURRENT_TIMESTAMP COMMENT '创建时间',
  PRIMARY KEY (`id`)
) ENGINE=InnoDB DEFAULT CHARSET=utf8mb4 COLLATE=utf8mb4_unicode_ci;

/*Data for the table `t_comment` */

/*Table structure for table `t_contest` */

DROP TABLE IF EXISTS `t_contest`;

CREATE TABLE `t_contest` (
  `id` int(8) NOT NULL AUTO_INCREMENT,
  `title` varchar(50) COLLATE utf8mb4_unicode_ci DEFAULT NULL,
  `total_score` int(8) DEFAULT NULL COMMENT '考试总分',
  `subject_id` int(8) DEFAULT NULL COMMENT '学科ID',
  `create_time` timestamp NULL DEFAULT CURRENT_TIMESTAMP COMMENT '创建时间',
  `update_time` datetime DEFAULT NULL COMMENT '更新时间',
  `start_time` datetime DEFAULT NULL COMMENT '考试开始时间',
  `end_time` datetime DEFAULT NULL COMMENT '考试结束时间',
  `state` int(8) DEFAULT '0' COMMENT '进行状态:0表示未开始,1表示进行中,2表示考试已经结束,3表示该考试已经完成批卷',
  PRIMARY KEY (`id`)
) ENGINE=InnoDB AUTO_INCREMENT=32 DEFAULT CHARSET=utf8mb4 COLLATE=utf8mb4_unicode_ci;

/*Data for the table `t_contest` */

insert  into `t_contest`(`id`,`title`,`total_score`,`subject_id`,`create_time`,`update_time`,`start_time`,`end_time`,`state`) values (4,'潍坊科技学院2020年数据库原理与应用考试试题A卷',100,8,'2018-02-16 14:19:51','2018-03-09 17:03:28','2020-06-06 12:26:00','2020-06-09 17:00:00',3),(5,'潍坊科技学院2020年数据库原理与应用考试试题B卷',0,8,'2018-02-20 15:30:53','2018-03-03 22:24:19','2018-02-16 09:00:00','2018-02-16 11:00:00',3),(23,'潍坊科技学院2020年模拟考试试题',100,8,'2018-02-16 14:19:51','2018-03-09 17:03:28','2020-06-06 12:26:00','2020-06-10 12:41:00',3),(24,'潍坊科技学院2020年模拟考试试题',100,8,'2018-02-16 14:19:51','2018-03-09 17:03:28','2020-06-06 12:26:00','2020-06-11 14:09:00',3),(25,'潍坊科技学院计算机考试',0,1,'2020-06-10 12:53:09',NULL,'2020-06-10 12:52:00','2020-06-11 12:50:00',3),(26,'潍坊科技学院计算机网络考试',0,14,'2020-06-11 14:29:57',NULL,'2020-06-11 14:29:00','2020-06-11 14:35:00',3),(27,'潍坊科技学院计算机网络考试',0,14,'2020-06-11 14:36:45',NULL,'2020-06-11 14:36:00','2020-06-11 14:45:00',3),(28,'计算机网络',0,14,'2020-06-11 14:50:20',NULL,'2020-06-11 15:55:00','2020-06-12 15:50:00',2),(29,'开始考试',0,14,'2020-06-11 14:52:59',NULL,'2020-06-11 14:52:00','2020-06-13 14:50:00',2),(30,'计算机网络考试',0,14,'2020-06-13 21:40:26',NULL,'2020-06-13 21:40:00','2021-01-27 21:40:00',1),(31,'网络',1028,14,'2020-06-13 22:23:39',NULL,'2020-06-13 22:23:00','2020-06-20 22:20:00',2);

/*Table structure for table `t_contest_problem` */

DROP TABLE IF EXISTS `t_contest_problem`;

CREATE TABLE `t_contest_problem` (
  `id` int(10) unsigned NOT NULL AUTO_INCREMENT,
  `contest_id` int(11) NOT NULL,
  `question_id` int(11) NOT NULL,
  PRIMARY KEY (`id`),
  KEY `contest_id` (`contest_id`),
  KEY `question_id` (`question_id`),
  CONSTRAINT `t_contest_problem_ibfk_1` FOREIGN KEY (`contest_id`) REFERENCES `t_contest` (`id`),
  CONSTRAINT `t_contest_problem_ibfk_2` FOREIGN KEY (`question_id`) REFERENCES `t_question` (`id`)
) ENGINE=InnoDB AUTO_INCREMENT=514 DEFAULT CHARSET=utf8;

/*Data for the table `t_contest_problem` */

insert  into `t_contest_problem`(`id`,`contest_id`,`question_id`) values (72,4,6),(80,5,6),(84,23,6),(97,25,30),(193,26,3204),(194,26,3115),(195,26,3174),(196,26,3138),(197,26,3027),(198,26,3108),(200,26,3167),(201,26,3197),(202,26,3207),(203,26,3182),(205,26,3179),(206,26,3208),(207,26,3092),(208,26,3320),(210,26,3333),(211,26,3345),(212,26,3322),(213,26,3285),(214,26,3286),(216,26,3264),(217,26,3281),(218,26,3246),(220,26,3216),(221,26,3221),(222,26,3228),(223,26,3239),(225,26,3218),(226,26,3230),(228,27,3037),(229,27,3115),(230,27,3169),(231,27,3102),(232,27,3080),(233,27,3079),(234,27,3207),(235,27,3200),(236,27,3057),(237,27,3072),(238,27,3335),(239,27,3338),(240,27,3330),(241,27,3340),(242,27,3323),(243,27,3294),(244,27,3304),(245,27,3252),(246,27,3289),(247,27,3263),(248,27,3239),(249,27,3247),(250,27,3245),(251,27,3228),(252,27,3232),(253,27,3242),(255,27,3227),(256,27,3220),(258,28,3098),(259,28,3068),(260,28,3074),(261,28,3121),(264,28,3076),(265,28,3073),(267,28,3165),(269,28,3119),(272,28,3344),(273,28,3333),(274,28,3329),(276,28,3320),(277,28,3335),(278,28,3331),(279,28,3346),(280,28,3350),(281,28,3255),(282,28,3273),(283,28,3311),(285,28,3276),(286,28,3305),(288,28,3269),(289,28,3254),(290,28,3309),(291,28,3279),(292,28,3296),(293,28,3306),(294,28,3318),(295,28,3267),(296,28,3288),(298,28,3221),(299,28,3240),(300,28,3237),(302,28,3222),(303,28,3231),(305,28,3242),(306,28,3226),(307,28,3230),(308,28,3245),(310,28,3234),(311,28,3232),(313,29,3179),(314,29,3039),(315,29,3195),(316,29,3033),(317,29,3107),(319,29,3056),(320,29,3187),(321,29,3144),(322,29,3113),(323,29,3329),(324,29,3325),(325,29,3338),(326,29,3320),(327,29,3324),(328,29,3332),(331,29,3312),(332,29,3273),(334,29,3252),(335,29,3285),(336,29,3259),(338,29,3257),(339,29,3292),(340,29,3308),(341,29,3254),(342,29,3286),(343,29,3267),(344,29,3233),(345,29,3240),(346,29,3227),(347,29,3248),(348,29,3214),(349,29,3222),(352,29,3242),(353,29,3226),(354,29,3230),(355,29,3216),(356,29,3213),(358,29,3221),(415,30,3119),(417,30,3072),(418,30,3152),(419,30,3045),(420,30,3086),(421,30,3067),(422,30,3092),(424,30,3076),(425,30,3170),(426,30,3098),(427,30,3071),(428,30,3088),(429,30,3211),(430,30,3024),(431,30,3198),(432,30,3075),(433,30,3027),(434,30,3109),(474,31,3104),(475,31,3110),(476,31,3196),(477,31,3061),(478,31,3148),(479,31,3105),(480,31,3183),(481,31,3323),(482,31,3322),(483,31,3324),(484,31,3325),(485,31,3331),(486,31,3347),(487,31,3349),(488,31,3345),(489,31,3336),(490,31,3330),(491,31,3253),(492,31,3289),(493,31,3258),(494,31,3299),(495,31,3310),(496,31,3286),(497,31,3256),(498,31,3260),(499,31,3294),(500,31,3288),(501,31,3273),(502,31,3244),(503,31,3224),(504,31,3228),(505,31,3218),(506,31,3220),(507,31,3233),(508,31,3238),(509,31,3247),(510,31,3248),(511,31,3217),(512,31,3241),(513,31,3232);

/*Table structure for table `t_good` */

DROP TABLE IF EXISTS `t_good`;

CREATE TABLE `t_good` (
  `id` int(10) unsigned NOT NULL AUTO_INCREMENT,
  `post_id` int(11) NOT NULL,
  `account_id` int(11) NOT NULL,
  PRIMARY KEY (`id`)
) ENGINE=InnoDB AUTO_INCREMENT=18 DEFAULT CHARSET=utf8;

/*Data for the table `t_good` */

insert  into `t_good`(`id`,`post_id`,`account_id`) values (5,13,9),(15,16,2),(17,17,6);

/*Table structure for table `t_grade` */

DROP TABLE IF EXISTS `t_grade`;

CREATE TABLE `t_grade` (
  `id` int(8) NOT NULL AUTO_INCREMENT COMMENT '主键ID',
  `student_id` int(8) DEFAULT NULL COMMENT '考生主键ID',
  `contest_id` int(8) DEFAULT NULL COMMENT '考试主键ID',
  `result` int(8) DEFAULT '0' COMMENT '最终分数',
  `auto_result` int(8) DEFAULT '0' COMMENT '电脑自动评判选择题分数',
  `manul_result` int(8) DEFAULT NULL COMMENT '人工手动评判分数',
  `answer_json` longtext COLLATE utf8mb4_unicode_ci COMMENT '考试作答答案json',
  `create_time` timestamp NULL DEFAULT CURRENT_TIMESTAMP COMMENT '考试交卷时间',
  `finish_time` datetime DEFAULT NULL COMMENT '改卷完成时间',
  `state` int(8) DEFAULT '0' COMMENT '0表示已交卷但是未评卷,1表示已交卷已评卷',
  PRIMARY KEY (`id`)
) ENGINE=InnoDB AUTO_INCREMENT=15 DEFAULT CHARSET=utf8mb4 COLLATE=utf8mb4_unicode_ci;

/*Data for the table `t_grade` */

insert  into `t_grade`(`id`,`student_id`,`contest_id`,`result`,`auto_result`,`manul_result`,`answer_json`,`create_time`,`finish_time`,`state`) values (2,1,4,98,40,58,'D_~_A_~_C_~_A_~_B_~_D_~_D_~_C_~_1. 实体完整性约束 要求候选码非空且唯一。\n\n2. 参照完整性约束 要求外码要么取空值要么所取的值在对应的候选码中出现。\n\n3. 用户自定义完整性。包括非空约束，唯一约束，检查约束，缺省值约束等。_~_1. 丢失修改\n\n2. 读“脏”数据\n\n3. 不可重复读\n\n通过基于锁的协议实现对事务并发控制。_~_\n\n一级封锁协议：对对象加写锁，直到事物结束时才释放写锁。\n\n二级封锁协议：在一级封锁协议的基础上，给事物加读锁，读完后立即释放读锁。\n\n三级封锁协议：在一级封锁协议的基础上，给事务加锁，知道事物结束释放。','2018-02-23 21:01:41','2018-02-27 18:09:53',1),(4,1,5,98,49,49,'','2018-03-09 16:02:02','2018-03-28 16:02:09',1),(5,1,6,100,50,50,NULL,'2018-03-09 16:02:57','2018-03-12 16:02:53',1),(6,2,4,2,2,0,'B_~_B_~_A_~_B_~_B_~_C_~_C_~_C_~__~__~_','2020-06-07 13:35:10',NULL,1),(8,6,4,1,1,0,'B_~_B_~_C_~_D_~_C_~_B_~_A_~_D_~__~__~_','2020-06-08 15:34:59',NULL,1),(9,NULL,NULL,0,0,NULL,NULL,'2020-06-08 15:40:18',NULL,0),(10,6,23,23,3,20,'A_~_B_~_B_~_B_~_B_~_对的没错_~_肯定没错','2020-06-10 12:28:23','2020-06-10 14:31:06',1),(11,6,24,106,6,100,'A_~_C_~_A_~_A_~_A_~_A_~_A_~_C_~_C_~_B_~_C_~_D_~_B_~_B_~_B_~_爱咋解析咋解析_~_好几种_~_就不，气死你_~_就不，你来打我啊_~_nono_~_SMTP_~_C_~_阿斯顿发_~_阿斯顿发_~_阿萨德发_~_士大夫_~_阿萨德发_~_ 打分_~_阿斯顿发_~_阿萨德发_~_sad发_~_阿萨德发_~_阿萨德_~_啥的_~_阿萨德发','2020-06-11 14:08:22','2020-06-11 14:23:02',1),(12,6,26,6,6,0,'B_~_C_~_A_~_C_~_C_~_C_~_B_~_C_~_D_~_C_~_C_~_B_~_B_~_B_~_D_~_导入刚刚好是_~_安抚_~_讽德诵功士大夫_~_水电费分公司的风格 _~_水电费分公司大方_~_水电费分公司的风格_~_啥地方法规的双方各_~__~__~__~__~__~__~__~__~__~__~__~__~_','2020-06-11 14:35:00','2020-06-11 14:43:53',1),(13,6,27,105,5,100,'B_~_B_~_B_~_B_~_B_~_C_~_B_~_B_~_B_~_C_~_多少分是够是否_~_爱的色放仨的_~_阿士大夫士大夫_~_阿萨德饭是覆盖_~_的个数东风风光_~_阿士大夫撒旦个_~_按规定的方式发给_~_阿萨德广东省非凡哥_~_森岛帆高啥地方法规_~_东方故事东风风光_~_A_~_A_~_A_~_A_~_A_~_A_~_B_~_A_~_B_~_B','2020-06-11 14:43:23','2020-06-11 14:47:19',1),(14,6,28,105,5,100,'C_~_C_~_B_~_B_~_A_~_C_~_B_~_C_~_B_~_B_~_D_~_B_~_C_~_C_~_为特色是荣辱观_~_水电费分公司大方_~_上的方法感到十分_~_啥地方法规大是大非_~_森岛帆高山东省地方_~_水电费分公司大是大非_~_第三方分公司答复_~_森岛帆高盛世嫡妃_~_上的方法感到十分_~_森岛帆高森岛帆高_~_森岛帆高森岛帆高_~_水电费分公司大方_~_水电费分公司大方_~_舒服的风格是大法官_~_森岛帆高第三方法规_~_森岛帆高第三方法规_~_上的方法感到十分覆盖_~_十多个感受到分公司的地方_~_水电费工时费第三帝国_~_森岛帆高第三方法规士大夫_~_十大歌手的分公司答复_~_啥地方法规的双方各士大夫_~_森岛帆高森岛帆高士大夫_~_森岛帆高森岛帆高士大夫_~_的双方各森岛帆高啥地方法规_~_A_~_A_~_A_~_A_~_A_~_A_~_A_~_A_~_B_~_A_~_A_~_B_~_B_~_A_~_A_~_B','2020-06-11 15:32:58','2020-06-11 15:33:52',1);

/*Table structure for table `t_post` */

DROP TABLE IF EXISTS `t_post`;

CREATE TABLE `t_post` (
  `id` int(8) NOT NULL AUTO_INCREMENT COMMENT '主键ID',
  `author_id` int(8) DEFAULT NULL COMMENT '作者ID',
  `html_content` longtext COLLATE utf8mb4_unicode_ci COMMENT 'html源代码',
  `text_content` longtext COLLATE utf8mb4_unicode_ci COMMENT '文本内容',
  `create_time` timestamp NULL DEFAULT CURRENT_TIMESTAMP COMMENT '发帖时间',
  `update_time` datetime DEFAULT NULL COMMENT '帖子最后编辑时间',
  `last_reply_time` datetime DEFAULT NULL COMMENT '最后一次回复时间',
  `reply_num` int(8) DEFAULT '0' COMMENT '回复数',
  `title` varchar(255) COLLATE utf8mb4_unicode_ci DEFAULT NULL COMMENT '标题',
  `good_num` int(8) DEFAULT '0',
  `view_num` int(8) DEFAULT '0',
  PRIMARY KEY (`id`)
) ENGINE=InnoDB AUTO_INCREMENT=18 DEFAULT CHARSET=utf8mb4 COLLATE=utf8mb4_unicode_ci;

/*Data for the table `t_post` */

insert  into `t_post`(`id`,`author_id`,`html_content`,`text_content`,`create_time`,`update_time`,`last_reply_time`,`reply_num`,`title`,`good_num`,`view_num`) values (17,2,'<h1 cid=\"n0\" mdtype=\"heading\"><span md-inline=\"plain\">在线考试系统</span></h1><h2 cid=\"n2\" mdtype=\"heading\"><span md-inline=\"plain\">前言</span></h2><p cid=\"n3\" mdtype=\"paragraph\"><span md-inline=\"plain\">本系统为为了ssm课程设计而编写的在线考试系统。</span></p><h4 cid=\"n4\" mdtype=\"heading\"><span md-inline=\"plain\">注：前台页面来自：</span><span md-inline=\"url\" spellcheck=\"false\"><a href=\"https://github.com/gdufeZLYL/springboot-penguin\">https://github.com/gdufeZLYL/springboot-penguin</a></span></h4><h2 cid=\"n5\" mdtype=\"heading\"><span md-inline=\"plain\">一、系统简介</span></h2><p cid=\"n6\" mdtype=\"paragraph\"><span md-inline=\"plain\">本系统主要依照原系统的前端进行编写，前端有些许改动，但不是很大，完善了一些相应的功能，但没有完全完善，后续还会继续改进，做到这些只是为了应付课程设计而已。</span></p><h2 cid=\"n7\" mdtype=\"heading\"><span md-inline=\"plain\">二、系统功能描述</span></h2><ul cid=\"n8\" mdtype=\"list\" data-mark=\"-\"><li cid=\"n9\" mdtype=\"list_item\"><h3 cid=\"n10\" mdtype=\"heading\"><span md-inline=\"plain\">在线考试</span></h3></li><li cid=\"n11\" mdtype=\"list_item\"><h3 cid=\"n12\" mdtype=\"heading\"><span md-inline=\"plain\">查看题库</span></h3></li><li cid=\"n13\" mdtype=\"list_item\"><h3 cid=\"n14\" mdtype=\"heading\"><span md-inline=\"plain\">讨论区（未完善）</span></h3></li><li cid=\"n15\" mdtype=\"list_item\"><h3 cid=\"n16\" mdtype=\"heading\"><span md-inline=\"plain\">后台管理</span></h3></li><li cid=\"n17\" mdtype=\"list_item\"><h3 cid=\"n18\" mdtype=\"heading\"><span md-inline=\"plain\">...</span></h3></li></ul><h2 cid=\"n19\" mdtype=\"heading\"><span md-inline=\"plain\">三、技术实现</span></h2><ul cid=\"n20\" mdtype=\"list\" data-mark=\"-\"><li cid=\"n21\" mdtype=\"list_item\"><h3 cid=\"n22\" mdtype=\"heading\"><span md-inline=\"plain\">前端技术实现</span></h3><ul cid=\"n23\" mdtype=\"list\" data-mark=\"-\"><li cid=\"n24\" mdtype=\"list_item\"><p cid=\"n25\" mdtype=\"paragraph\"><span md-inline=\"plain\">Bootstrap</span></p></li><li cid=\"n26\" mdtype=\"list_item\"><p cid=\"n27\" mdtype=\"paragraph\"><span md-inline=\"plain\">Jquary</span></p></li><li cid=\"n28\" mdtype=\"list_item\"><p cid=\"n29\" mdtype=\"paragraph\"><span md-inline=\"plain\">Semantic UI</span></p></li></ul></li><li cid=\"n30\" mdtype=\"list_item\"><h3 cid=\"n31\" mdtype=\"heading\"><span md-inline=\"plain\">后端技术实现</span></h3><ul cid=\"n32\" mdtype=\"list\" data-mark=\"-\"><li cid=\"n33\" mdtype=\"list_item\"><p cid=\"n34\" mdtype=\"paragraph\"><span md-inline=\"plain\">SSM</span></p></li><li cid=\"n35\" mdtype=\"list_item\"><p cid=\"n36\" mdtype=\"paragraph\"><span md-inline=\"plain\">Redis（未完善）</span></p></li><li cid=\"n37\" mdtype=\"list_item\"><p cid=\"n38\" mdtype=\"paragraph\"><span md-inline=\"plain\">POI</span></p></li><li cid=\"n39\" mdtype=\"list_item\"><p cid=\"n40\" mdtype=\"paragraph\"><span md-inline=\"plain\">JDK1.8</span></p></li><li cid=\"n41\" mdtype=\"list_item\"><p cid=\"n42\" mdtype=\"paragraph\"><span md-inline=\"plain\">Tomcat8.5</span></p></li><li cid=\"n43\" mdtype=\"list_item\"><p cid=\"n44\" mdtype=\"paragraph\"><span md-inline=\"plain\">maven </span></p></li></ul><h2 cid=\"n45\" mdtype=\"heading\"><span md-inline=\"plain\">四、预览网址</span></h2><h4 cid=\"n46\" mdtype=\"heading\"><span md-inline=\"plain\">仅供预览使用：</span><span md-inline=\"url\" spellcheck=\"false\"><a href=\"www.xinglili.top/onlinetest\">www.xinglili.top/onlinetest</a></span></h4><h3 cid=\"n47\" mdtype=\"heading\"><span md-inline=\"plain\">测试账号：user：user</span></h3><p cid=\"n48\" mdtype=\"paragraph\"><span md-inline=\"plain\">因为本系统本人暂时在使用，所以暂不提供后台预览。</span></p></li></ul>','在线考试系统前言本系统为为了ssm课程设计而编写的在线考试系统。注：前台页面来自：https://github.com/gdufeZLYL/springboot-penguin一、系统简介本系统主要依照原系统的前端进行编写，前端有些许改动，但不是很大，完善了一些相应的功能，但没有完全完善，后续还会继续改进，做到这些只是为了应付课程设计而已。二、系统功能描述在线考试查看题库讨论区（未完善）后台管理...三、技术实现前端技术实现BootstrapJquarySemantic UI后端技术实现SSMRedis（未完善）POIJDK1.8Tomcat8.5maven 四、预览网址仅供预览使用：www.xinglili.top/onlinetest测试账号：user：user因为本系统本人暂时在使用，所以暂不提供后台预览。','2020-06-12 18:18:34','2020-06-12 18:18:34','2020-06-12 18:18:34',0,'网站初始化信息',1,0);

/*Table structure for table `t_question` */

DROP TABLE IF EXISTS `t_question`;

CREATE TABLE `t_question` (
  `id` int(8) NOT NULL AUTO_INCREMENT,
  `title` varchar(255) COLLATE utf8mb4_unicode_ci DEFAULT NULL COMMENT '题目标题',
  `content` text COLLATE utf8mb4_unicode_ci COMMENT '题目内容',
  `question_type` int(8) DEFAULT NULL COMMENT '题目类型,0表示单项选择题,1表示多项选择题,2表示问答题,3表示编程题',
  `option_a` varchar(50) COLLATE utf8mb4_unicode_ci DEFAULT NULL COMMENT '选项A',
  `option_b` varchar(50) COLLATE utf8mb4_unicode_ci DEFAULT NULL COMMENT '选项B',
  `option_c` varchar(50) COLLATE utf8mb4_unicode_ci DEFAULT NULL COMMENT '选项C',
  `option_d` varchar(50) COLLATE utf8mb4_unicode_ci DEFAULT NULL COMMENT '选项D',
  `answer` text COLLATE utf8mb4_unicode_ci COMMENT '答案',
  `parse` text COLLATE utf8mb4_unicode_ci COMMENT '答案解析',
  `subject_id` int(8) DEFAULT NULL COMMENT '学科ID',
  `contest_id` int(8) DEFAULT NULL COMMENT '试卷ID',
  `create_time` timestamp NULL DEFAULT CURRENT_TIMESTAMP COMMENT '创建时间',
  `update_time` datetime DEFAULT NULL COMMENT '更新时间',
  `score` int(8) DEFAULT NULL COMMENT '题目分值',
  `difficulty` int(8) DEFAULT '1' COMMENT '题目难度',
  `state` int(8) DEFAULT '1' COMMENT '0表示未考试题目,1表示已考试题目',
  PRIMARY KEY (`id`)
) ENGINE=InnoDB AUTO_INCREMENT=3351 DEFAULT CHARSET=utf8mb4 COLLATE=utf8mb4_unicode_ci;

/*Data for the table `t_question` */

insert  into `t_question`(`id`,`title`,`content`,`question_type`,`option_a`,`option_b`,`option_c`,`option_d`,`answer`,`parse`,`subject_id`,`contest_id`,`create_time`,`update_time`,`score`,`difficulty`,`state`) values (6,'数据库管理系统的工作不包括？（）','数据库管理系统的工作不包括？（）',0,'定义数据库','对已定义的数据库进行管理','为定义的数据库提供操作系统','数据通信','C','略',8,4,'2018-02-20 16:38:46','2018-04-02 17:40:55',5,1,1),(30,'简述关系模型','简述关系模型的三类完整性约束。',2,NULL,NULL,NULL,NULL,'1. 实体完整性约束 要求候选码非空且唯一。\r\n\r\n2. 参照完整性约束 要求外码要么取空值要么所取的值在对应的候选码中出现。\r\n\r\n3. 用户自定义完整性。包括非空约束，唯一约束，检查约束，缺省值约束等。','1. 实体完整性约束 要求候选码非空且唯一。\r\n\r\n2. 参照完整性约束 要求外码要么取空值要么所取的值在对应的候选码中出现。\r\n\r\n3. 用户自定义完整性。包括非空约束，唯一约束，检查约束，缺省值约束等。',1,4,'2018-02-20 18:38:10','2018-04-02 17:40:55',20,1,1),(3020,' Internet的核心协议是(       )。',' Internet的核心协议是(       )。',0,'X．25','TCP／IP','ICMP','UDP','B',NULL,14,0,'2020-06-11 14:29:12',NULL,2,2,1),(3021,' 扩展局域网时，以下哪个设备工作在数据链路层(      )。',' 扩展局域网时，以下哪个设备工作在数据链路层(      )。',0,'交换机','中继器','路由器','集线器','A',NULL,14,0,'2020-06-11 14:29:12',NULL,2,2,1),(3022,' 路由选择协议位于（     ）',' 路由选择协议位于（     ）',0,'物理层','数据链路层','网络层','应用层 ','C',NULL,14,0,'2020-06-11 14:29:12',NULL,2,2,1),(3023,' 内部网关协议RIP是一种广泛使用的基于（     ）的协议。',' 内部网关协议RIP是一种广泛使用的基于（     ）的协议。',0,'链路状态算法','距离矢量算法','集中式路由算法','固定路由算法','B',NULL,14,0,'2020-06-11 14:29:12',NULL,2,2,1),(3024,' 世界上很多国家都相继组建了自己国家的公用数据网，现有的公用数据网大多采用（     ）',' 世界上很多国家都相继组建了自己国家的公用数据网，现有的公用数据网大多采用（     ）',0,'分组交换方式','报文交换方式','电路交换方式','空分交换方式','A',NULL,14,0,'2020-06-11 14:29:12',NULL,2,2,1),(3025,' 一个IP地址包含网络地址与(        )',' 一个IP地址包含网络地址与(        )',0,'广播地址','多址地址','主机地址','子网掩码','C',NULL,14,0,'2020-06-11 14:29:12',NULL,2,2,1),(3026,' 一座大楼内的一个计算机网络系统，属于（   ）',' 一座大楼内的一个计算机网络系统，属于（   ）',0,'PAN','LAN','MAN','WAN','B',NULL,14,0,'2020-06-11 14:29:12',NULL,2,2,1),(3027,' 在同一个信道上的同一时刻，能够进行双向数据传送的通信方式是（     ）',' 在同一个信道上的同一时刻，能够进行双向数据传送的通信方式是（     ）',0,'单工','半双工','全双工','上述三种均不是','C',NULL,14,0,'2020-06-11 14:29:12',NULL,2,2,1),(3028,'采用全双工通信方式，数据传输的方向为（     ）','采用全双工通信方式，数据传输的方向为（     ）',0,'可以在两个方向上同时传输','只能在一个方向上传输','可以在两个方向上传输，但不能同时进行','以上均不对','A',NULL,14,0,'2020-06-11 14:29:12',NULL,2,2,1),(3029,'下面关于域名的说法正确的是（     ）','下面关于域名的说法正确的是（     ）',0,'域名专指一个服务器的名字','域名就是网址','域名可以自己任意取','域名系统按地理域或机构域分层采用层次结构','D',NULL,14,0,'2020-06-11 14:29:12',NULL,2,2,1),(3030,'因特网中完成域名地址和IP 地址转换的系统是（     ）','因特网中完成域名地址和IP 地址转换的系统是（     ）',0,'POP','DNS','SLIP','Usenet','B',NULL,14,0,'2020-06-11 14:29:12',NULL,2,2,1),(3031,'10BASE-T是指 （   ）','10BASE-T是指 （   ）',0,'粗同轴电缆','细同轴电缆','双绞线','光纤','C',NULL,14,0,'2020-06-11 14:29:12',NULL,2,2,1),(3032,'CSMA/CD是IEEE802.3所定义的协议标准，它适用于 (      )','CSMA/CD是IEEE802.3所定义的协议标准，它适用于 (      )',0,'令牌环网','令牌总线网','网络互连','以太网','D',NULL,14,0,'2020-06-11 14:29:12',NULL,2,2,1),(3033,'FDM是指(        )','FDM是指(        )',0,' 频分多路复用 ',' 时分多路复用','波分多路复用','码分多路复用','A',NULL,14,0,'2020-06-11 14:29:12',NULL,2,2,1),(3034,'Internet 是由（     ）发展而来的','Internet 是由（     ）发展而来的',0,'局域网','ARPANET','标准网','WAN','B',NULL,14,0,'2020-06-11 14:29:12',NULL,2,2,1),(3035,'Internet网络是一种（       ）结构的网络','Internet网络是一种（       ）结构的网络',0,'星型','环型','树型','网型','D',NULL,14,0,'2020-06-11 14:29:12',NULL,2,2,1),(3036,'INTERNET最初创建的目的是用于（     ）','INTERNET最初创建的目的是用于（     ）',0,'政治','经济','教育','军事','D',NULL,14,0,'2020-06-11 14:29:12',NULL,2,2,1),(3037,'Ipv6将32位地址空间扩展到（     ）','Ipv6将32位地址空间扩展到（     ）',0,'64 位','128 位','256 位','1024 位','B',NULL,14,0,'2020-06-11 14:29:12',NULL,2,2,1),(3038,'IP地址是一个32位的二进制数，它通常采用点分（    ）表示','IP地址是一个32位的二进制数，它通常采用点分（    ）表示',0,'二进制数','八进制数','十进制数','十六进制数','C',NULL,14,0,'2020-06-11 14:29:12',NULL,2,2,1),(3039,'IP电话、电报和专线电话分别使用的数据交换技术是（      ）','IP电话、电报和专线电话分别使用的数据交换技术是（      ）',0,'电路交换技术、报文交换技术和分组交换技术','分组交换技术、报文交换技术和电路交换技术','报文交换技术、分组交换技术和电路交换技术','电路交换技术、分组交换技术和报文交换技术','B',NULL,14,0,'2020-06-11 14:29:12',NULL,2,2,1),(3040,'MAC地址是一个（ ）字节的二进制串，以太网MAC地址由IEEE负责分配。以太网地址分为两个部分：地址的前（ ）个字节代表厂商代码，后（ ）个字节由厂商自行分配','MAC地址是一个（ ）字节的二进制串，以太网MAC地址由IEEE负责分配。以太网地址分为两个部分：地址的前（ ）个字节代表厂商代码，后（ ）个字节由厂商自行分配',0,'6，3，3','6，4，2','6，2，4','5，3，2','A',NULL,14,0,'2020-06-11 14:29:12',NULL,2,2,1),(3041,'OSI参考模型将整个网络的功能划分（       ）个层次 ','OSI参考模型将整个网络的功能划分（       ）个层次 ',0,'1','3','5','7','D',NULL,14,0,'2020-06-11 14:29:12',NULL,2,2,1),(3042,'OSI层次体系结构中,实际的通信是在（     ）实体间进行的 ','OSI层次体系结构中,实际的通信是在（     ）实体间进行的 ',0,'物理层','数据链路层','网络层','传输层','A',NULL,14,0,'2020-06-11 14:29:12',NULL,2,2,1),(3043,'OSPF协议是（     ）','OSPF协议是（     ）',0,'域内路由协议','域间路由协议','无域路由协议','应用层协议','A',NULL,14,0,'2020-06-11 14:29:12',NULL,2,2,1),(3044,'POP3服务器用来（        ）邮件','POP3服务器用来（        ）邮件',0,'接收','发送','接收和发送','以上均错','A',NULL,14,0,'2020-06-11 14:29:12',NULL,2,2,1),(3045,'PPP协议是哪一层的协议(       )','PPP协议是哪一层的协议(       )',0,'物理层','数据链路层','网络层','高层','B',NULL,14,0,'2020-06-11 14:29:12',NULL,2,2,1),(3046,'TCP/IP层的网络接口层对应OSI的(      )','TCP/IP层的网络接口层对应OSI的(      )',0,'物理层','链路层','网络层','物理层和链路层','D',NULL,14,0,'2020-06-11 14:29:12',NULL,2,2,1),(3047,'TCP/IP网络中常用的距离矢量路由协议是（     ）','TCP/IP网络中常用的距离矢量路由协议是（     ）',0,'ARP','ICMP','OSPF',' RIP','D',NULL,14,0,'2020-06-11 14:29:12',NULL,2,2,1),(3048,'TCP/IP协议规定为（     ）','TCP/IP协议规定为（     ）',0,'4层','5层','6层 ','7层','A',NULL,14,0,'2020-06-11 14:29:12',NULL,2,2,1),(3049,'TCP/IP协议是Internet中计算机之间通信所必须共同遵循的一种（     ）','TCP/IP协议是Internet中计算机之间通信所必须共同遵循的一种（     ）',0,'信息资源','通信规定','软件','硬件','B',NULL,14,0,'2020-06-11 14:29:12',NULL,2,2,1),(3050,'TELNET通过TCP/IP协议在客户机和远程登录服务器之间建立一个（     ）','TELNET通过TCP/IP协议在客户机和远程登录服务器之间建立一个（     ）',0,'UDP','ARP','TCP','RARP','C',NULL,14,0,'2020-06-11 14:29:12',NULL,2,2,1),(3051,'采用半双工通信方式，数据传输的方向为（     ）','采用半双工通信方式，数据传输的方向为（     ）',0,'可以在两个方向上同时传输','只能在一个方向上传输','可以在两个方向上传输，但不能同时进行','以上均不对','C',NULL,14,0,'2020-06-11 14:29:12',NULL,2,2,1),(3052,'传输层可以通过（     ）标识不同的应用','传输层可以通过（     ）标识不同的应用',0,'物理地址','端口号','IP地址','逻辑地址','B',NULL,14,0,'2020-06-11 14:29:12',NULL,2,2,1),(3053,'电子邮件的收信人从邮件服务器自己的邮箱中取出邮件使用的协议是（     ）','电子邮件的收信人从邮件服务器自己的邮箱中取出邮件使用的协议是（     ）',0,'SMTP','POP3','TCP','FTP','B',NULL,14,0,'2020-06-11 14:29:12',NULL,2,2,1),(3054,'电子邮件服务器之间相互传递邮件通常使用的协议是（     ）','电子邮件服务器之间相互传递邮件通常使用的协议是（     ）',0,'PPP','SMTP','FTP','EMAIL','B',NULL,14,0,'2020-06-11 14:29:12',NULL,2,2,1),(3055,'电子邮件应用程序利用POP3协议（     ）','电子邮件应用程序利用POP3协议（     ）',0,'创建邮件','加密邮件','发送邮件','接收邮件','D',NULL,14,0,'2020-06-11 14:29:12',NULL,2,2,1),(3056,'对于下列说法，错误的是（     ）','对于下列说法，错误的是（     ）',0,'TCP协议可以提供可靠的数据流传输服务','TCP协议可以提供面向连接的数据流传输服务','TCP协议可以提供全双工的数据流传输服务','TCP协议可以提供面向非连接的数据流传输服务','D',NULL,14,0,'2020-06-11 14:29:12',NULL,2,2,1),(3057,'互联网的前身是美国国防部推出的计划，称为（    ）','互联网的前身是美国国防部推出的计划，称为（    ）',0,'ARPANET ','HINET','BINET','SONET','A',NULL,14,0,'2020-06-11 14:29:12',NULL,2,2,1),(3058,'交换机工作在OSI七层的（    ）','交换机工作在OSI七层的（    ）',0,'一层 ','二层','三层','三层以上','B',NULL,14,0,'2020-06-11 14:29:12',NULL,2,2,1),(3059,'交换机一般采用（    ）拓扑结构的以太网技术','交换机一般采用（    ）拓扑结构的以太网技术',0,'树形','总线型','星形','环形','C',NULL,14,0,'2020-06-11 14:29:12',NULL,2,2,1),(3060,'局域网的简称为（      ）','局域网的简称为（      ）',0,'LAN','WAN','CAN','MAN','A',NULL,14,0,'2020-06-11 14:29:12',NULL,2,2,1),(3061,'浏览器与Web服务器之间使用的协议是（     ）','浏览器与Web服务器之间使用的协议是（     ）',0,'DNS','SNMP ','HTTP','SMTP','C',NULL,14,0,'2020-06-11 14:29:12',NULL,2,2,1),(3062,'路由器工作在OSI参考模型的（    ）','路由器工作在OSI参考模型的（    ）',0,'应用层','传输层','表示层','网络层','D',NULL,14,0,'2020-06-11 14:29:12',NULL,2,2,1),(3063,'路由器在两个网段之间转发数据包时，读取其中的（     ）地址来确定下一跳的转发路径','路由器在两个网段之间转发数据包时，读取其中的（     ）地址来确定下一跳的转发路径',0,'目标IP',' MAC','源IP','ARP','A',NULL,14,0,'2020-06-11 14:29:12',NULL,2,2,1),(3064,'路由选择协议位于（      ）','路由选择协议位于（      ）',0,'物理层','数据链路层','网络层','应用层','C',NULL,14,0,'2020-06-11 14:29:12',NULL,2,2,1),(3065,'某工作站无法访问域名为www.test.com的服务器，此时使用ping命令按照该服务器的IP地址进行测试，发现响应正常。但是按照服务器域名进行测试，发现超时。此时可能出现的问题是（     ）','某工作站无法访问域名为www.test.com的服务器，此时使用ping命令按照该服务器的IP地址进行测试，发现响应正常。但是按照服务器域名进行测试，发现超时。此时可能出现的问题是（     ）',0,'线路故障','路由故障','域名解析故障','服务器网卡故障','C',NULL,14,0,'2020-06-11 14:29:12',NULL,2,2,1),(3066,'普通家庭使用的电视机通过以下(       )设备可以实现上网冲浪漫游','普通家庭使用的电视机通过以下(       )设备可以实现上网冲浪漫游',0,'调制解调器','网卡','机顶盒','集线器','C',NULL,14,0,'2020-06-11 14:29:12',NULL,2,2,1),(3067,'如果一个C类网络用掩码255.255.255.192划分子网，那么会有（     ）个可用的子网。（注：包括全0和全1的子网就有4个了^_^）','如果一个C类网络用掩码255.255.255.192划分子网，那么会有（     ）个可用的子网。（注：包括全0和全1的子网就有4个了^_^）',0,'2','4','6','8','A',NULL,14,0,'2020-06-11 14:29:12',NULL,2,2,1),(3068,'若网络形状是由站点和连接站点的链路组成的一个闭合环，则称这种拓扑结构为(        )','若网络形状是由站点和连接站点的链路组成的一个闭合环，则称这种拓扑结构为(        )',0,'星形拓扑','总线拓扑','环形拓扑','树形拓扑','C',NULL,14,0,'2020-06-11 14:29:12',NULL,2,2,1),(3069,'使用双绞线作为传输介质，适用于下列哪种类型的以太网（     ）','使用双绞线作为传输介质，适用于下列哪种类型的以太网（     ）',0,'10Base-5','10/100Base-T ','10/100Base-F','10Base-2','B',NULL,14,0,'2020-06-11 14:29:12',NULL,2,2,1),(3070,'世界上第一个计算机网络是 （     ）','世界上第一个计算机网络是 （     ）',0,'. ARPANET','ChinaNet','.Internet','CERNET','A',NULL,14,0,'2020-06-11 14:29:12',NULL,2,2,1),(3071,'收音机的信号传输属于（     ）','收音机的信号传输属于（     ）',0,'单工','半双工','全双工','','A',NULL,14,0,'2020-06-11 14:29:12',NULL,2,2,1),(3072,'双绞线分（     ）两种','双绞线分（     ）两种',0,'基带和窄带','粗和细','屏蔽和非屏蔽','基带和宽带','C',NULL,14,0,'2020-06-11 14:29:12',NULL,2,2,1),(3073,'双绞线由两根具有绝缘保护层的铜导线按一定密度互相绞在一起组成，这样可以（     ）','双绞线由两根具有绝缘保护层的铜导线按一定密度互相绞在一起组成，这样可以（     ）',0,'降低信号干扰的程度','降低成本','提高传输速度','没有任何作用','A',NULL,14,0,'2020-06-11 14:29:12',NULL,2,2,1),(3074,'随着电信和信息技术的发展，国际上出现了所谓“三网融合”的趋势，下列不属于三网之一的是(    )','随着电信和信息技术的发展，国际上出现了所谓“三网融合”的趋势，下列不属于三网之一的是(    )',0,'计算机网(主要指互联网)传统电信网','','有线电视网','卫星通信网','D',NULL,14,0,'2020-06-11 14:29:12',NULL,2,2,1),(3075,'随着微型计算机的广泛应用，大量的微型计算机是通过局域网连入到广域网的，而局域网与广域网的互联一般是通过（     ）设备实现的','随着微型计算机的广泛应用，大量的微型计算机是通过局域网连入到广域网的，而局域网与广域网的互联一般是通过（     ）设备实现的',0,'Ethernet交换机','路由器','网桥','电话交换机','B',NULL,14,0,'2020-06-11 14:29:12',NULL,2,2,1),(3076,'通信信道的每一端可以是发送端，也可以是接受端，信息可由这一端传输到另一端，也可以从那一端传输到这一端，在同一时刻，信息可以每一端进行收发的通信方式为（     ）','通信信道的每一端可以是发送端，也可以是接受端，信息可由这一端传输到另一端，也可以从那一端传输到这一端，在同一时刻，信息可以每一端进行收发的通信方式为（     ）',0,'单工通信','半双工','全双工','模拟','C',NULL,14,0,'2020-06-11 14:29:12',NULL,2,2,1),(3077,'完成路径选择功能是在OSI模型的（    ）','完成路径选择功能是在OSI模型的（    ）',0,'物理层','数据链路层','网络层','传输层','C',NULL,14,0,'2020-06-11 14:29:12',NULL,2,2,1),(3078,'网络协议主要要素为（      ）','网络协议主要要素为（      ）',0,'数据格式、编码、信号电平','数据格式、控制信息、速度匹配','语法、语义、时序','编码、控制信息、同步','C',NULL,14,0,'2020-06-11 14:29:12',NULL,2,2,1),(3079,'下列（    ）不是网络的传输介质','下列（    ）不是网络的传输介质',0,'同轴电缆','单模光纤','RS232','非屏蔽双绞线','C',NULL,14,0,'2020-06-11 14:29:12',NULL,2,2,1),(3080,'下列代表教育机构的顶层域名是（    ）','下列代表教育机构的顶层域名是（    ）',0,'org','com','net','edu','D',NULL,14,0,'2020-06-11 14:29:12',NULL,2,2,1),(3081,'下列属于Internet服务的是（       ）','下列属于Internet服务的是（       ）',0,'远程登录','电子邮件','WWW ','以上全是','D',NULL,14,0,'2020-06-11 14:29:12',NULL,2,2,1),(3082,'下列属于物理层设备的是（    ）','下列属于物理层设备的是（    ）',0,'集线器','交换机','网桥','调制解调器','A',NULL,14,0,'2020-06-11 14:29:12',NULL,2,2,1),(3083,'下列只能简单再生信号的设备是（     ）','下列只能简单再生信号的设备是（     ）',0,'网卡','网桥','中继器','路由器','C',NULL,14,0,'2020-06-11 14:29:12',NULL,2,2,1),(3084,'下面（     ）命令用于测试网络是否连通','下面（     ）命令用于测试网络是否连通',0,'telnet','nslookup','ping','ftp','C',NULL,14,0,'2020-06-11 14:29:12',NULL,2,2,1),(3085,'下面哪种LAN 是应用CSMA/CD协议的 （    ）','下面哪种LAN 是应用CSMA/CD协议的 （    ）',0,'令牌环','FDDI','ETHERNET','NOVELL','C',NULL,14,0,'2020-06-11 14:29:12',NULL,2,2,1),(3086,'下面属于路由选择协议的是（     ）','下面属于路由选择协议的是（     ）',0,'TCP/IP','RIP','IPX/SPX','AppleTalk','B',NULL,14,0,'2020-06-11 14:29:12',NULL,2,2,1),(3087,'下面提供FTP服务的默认TCP端口号是（     ）','下面提供FTP服务的默认TCP端口号是（     ）',0,'21','25','23','80','A',NULL,14,0,'2020-06-11 14:29:12',NULL,2,2,1),(3088,'一个IP地址包含网络地址与（     ）','一个IP地址包含网络地址与（     ）',0,'广播地址','多址地址','主机地址','子网掩码','C',NULL,14,0,'2020-06-11 14:29:12',NULL,2,2,1),(3089,'以下的网络分类方法中，（    ）组分类采用了不同的标准','以下的网络分类方法中，（    ）组分类采用了不同的标准',0,'局域网/广域网','局域网/广域网','环形网/星形网','广播式/点对点式','B',NULL,14,0,'2020-06-11 14:29:12',NULL,2,2,1),(3090,'以下哪一个设置不是上互联网所必须的（     ）','以下哪一个设置不是上互联网所必须的（     ）',0,'IP地址','工作组','子网掩码','网关','B',NULL,14,0,'2020-06-11 14:29:12',NULL,2,2,1),(3091,'在internet的基本服务功能中，远程登录所使用的命令是（      ）','在internet的基本服务功能中，远程登录所使用的命令是（      ）',0,'ftp','telnet','mail','open','B',NULL,14,0,'2020-06-11 14:29:12',NULL,2,2,1),(3092,'在Internet上浏览时，浏览器和WWW服务器之间传输网页使用的协议是（    ）。','在Internet上浏览时，浏览器和WWW服务器之间传输网页使用的协议是（    ）。',0,' IP ','HTTP',' FTP','Telnet','B',NULL,14,0,'2020-06-11 14:29:12',NULL,2,2,1),(3093,'在Internet中，用于文件传输的协议是（     ）','在Internet中，用于文件传输的协议是（     ）',0,'HTML','SMTP','FTP','POP','C',NULL,14,0,'2020-06-11 14:29:12',NULL,2,2,1),(3094,'在OSI参考模型中，处于数据链路层与传输层之间的是（    ）','在OSI参考模型中，处于数据链路层与传输层之间的是（    ）',0,'物理层','网络层','会话层','表示层','B',NULL,14,0,'2020-06-11 14:29:12',NULL,2,2,1),(3095,'在OSI参考模型中能实现路由选择、拥塞控制与互联功能的层是（     ）','在OSI参考模型中能实现路由选择、拥塞控制与互联功能的层是（     ）',0,'传输层','应用层','网络层','物理层','C',NULL,14,0,'2020-06-11 14:29:12',NULL,2,2,1),(3096,'在TCP/IP协议簇中，（     ）协议属于网络层的无连接协议','在TCP/IP协议簇中，（     ）协议属于网络层的无连接协议',0,'IP','SMTP','UDP','TCP','A',NULL,14,0,'2020-06-11 14:29:12',NULL,2,2,1),(3097,'在同一个信道上的同一时刻，能够进行双向数据传送的通信方式是（    ）','在同一个信道上的同一时刻，能够进行双向数据传送的通信方式是（    ）',0,'单工','半双工','全双工','上述三种均不是','C',NULL,14,0,'2020-06-11 14:29:12',NULL,2,2,1),(3098,'在下列传输介质中，那种传输介质的抗电磁干扰性最好？（       ）','在下列传输介质中，那种传输介质的抗电磁干扰性最好？（       ）',0,'双绞线','同轴电缆','光缆','无线介质','C',NULL,14,0,'2020-06-11 14:29:12',NULL,2,2,1),(3099,'在以下传输介质中，带宽最宽，抗干扰能力最强的是(    )','在以下传输介质中，带宽最宽，抗干扰能力最强的是(    )',0,'双绞线','无线信道','同轴电缆','光纤','D',NULL,14,0,'2020-06-11 14:29:12',NULL,2,2,1),(3100,' FDDI 使用的是___局域网技术。 （    ）',' FDDI 使用的是___局域网技术。 （    ）',0,'以太网','快速以太网','令牌环','令牌总线','C',NULL,14,0,'2020-06-11 14:29:12',NULL,2,2,1),(3101,' IEEE802.3u标准是指（    ）',' IEEE802.3u标准是指（    ）',0,'以太网','快速以太网','令牌环网','FDDI网','B',NULL,14,0,'2020-06-11 14:29:12',NULL,2,2,1),(3102,' IP电话使用的数据交换技术是（      ）',' IP电话使用的数据交换技术是（      ）',0,'电路交换','报文交换','分组交换','包交换','C',NULL,14,0,'2020-06-11 14:29:12',NULL,2,2,1),(3103,' IP协议是无连接的，其信息传输方式是(       )',' IP协议是无连接的，其信息传输方式是(       )',0,'点对点','数据报','广播','虚电路','B',NULL,14,0,'2020-06-11 14:29:12',NULL,2,2,1),(3104,' 当一台主机从一个网络移到另一个网络时，以下说法正确的是 （   ）',' 当一台主机从一个网络移到另一个网络时，以下说法正确的是 （   ）',0,'必须改变它的IP 地址和MAC 地址','必须改变它的IP 地址，但不需改动MAC 地址','必须改变它的MAC 地址，但不需改动IP 地址','MAC 地址、IP 地址都不需改动','B',NULL,14,0,'2020-06-11 14:29:12',NULL,2,2,1),(3105,' 面向比特同步的帧数据段中出现位串01111101，则比特填充后输出是（    ）',' 面向比特同步的帧数据段中出现位串01111101，则比特填充后输出是（    ）',0,'11111001','1111101','11111101','11111010','A',NULL,14,0,'2020-06-11 14:29:12',NULL,2,2,1),(3106,' 某部门申请到一个C类IP地址,若要分成8个子网,其掩码应为（    ）',' 某部门申请到一个C类IP地址,若要分成8个子网,其掩码应为（    ）',0,'255.255.255.255','255.255.255.0','255.255.255.224','255.255.255.192','C',NULL,14,0,'2020-06-11 14:29:12',NULL,2,2,1),(3107,' 某公司申请到一个C 类IP 地址，但要连接6 个的子公司，最大的一个子公司有26 台计算机，每个子公司在一个网段中，则子网掩码应设为 （    ）',' 某公司申请到一个C 类IP 地址，但要连接6 个的子公司，最大的一个子公司有26 台计算机，每个子公司在一个网段中，则子网掩码应设为 （    ）',0,'255.255.255.0','255.255.255.128','255.255.255.192 ','255.255.255.224','D',NULL,14,0,'2020-06-11 14:29:12',NULL,2,2,1),(3108,' 如果要将两计算机通过双绞线直接连接，正确的线序是 （    ）',' 如果要将两计算机通过双绞线直接连接，正确的线序是 （    ）',0,'1--1、2--2、3--3、4--4、5--5、6--6、7--7、8--8','1--2、2--1、3--6、4--4、5--5、6--3、7--7、8--8','1--3、2--6、3--1、4--4、5--5、6--2、7--7、8--8','两计算机不能通过双绞线直接连接','C',NULL,14,0,'2020-06-11 14:29:12',NULL,2,2,1),(3109,' 应用程序PING 发出的是（      ）报文。',' 应用程序PING 发出的是（      ）报文。',0,'TCP 请求报文','TCP 应答报文','ICMP 请求报文','ICMP 应答报文','C',NULL,14,0,'2020-06-11 14:29:12',NULL,2,2,1),(3110,' 在滑动窗口流量控制(窗口大小为8)中，ack=3意味着接收方期待的下一帧是(      )号帧。',' 在滑动窗口流量控制(窗口大小为8)中，ack=3意味着接收方期待的下一帧是(      )号帧。',0,'2','3','4','8','B',NULL,14,0,'2020-06-11 14:29:12',NULL,2,2,1),(3111,'以下各项中，不是数据报操作特点的是(        )','以下各项中，不是数据报操作特点的是(        )',0,'每个分组自身携带有足够的信息，它的传送是被单独处理的','在整个传送过程中，不需建立虚电路','使所有分组按顺序到达目的端系统','网络节点要为每个分组做出路由选择','C',NULL,14,0,'2020-06-11 14:29:12',NULL,2,2,1),(3112,'802.3以太网最大可传送的帧（数据）长度为（     ）个字节','802.3以太网最大可传送的帧（数据）长度为（     ）个字节',0,'64','32','256','1500','D',NULL,14,0,'2020-06-11 14:29:12',NULL,2,2,1),(3113,'IEEE802.5 标准是指 （   ）','IEEE802.5 标准是指 （   ）',0,'以太网','令牌总线网','令牌环网','FDDI 网','C',NULL,14,0,'2020-06-11 14:29:12',NULL,2,2,1),(3114,'IP地址为 140.111.0.0 的B类网络，若要切割为9个子网，而且都要 连上Internet，请问子网掩码设为（      ）。','IP地址为 140.111.0.0 的B类网络，若要切割为9个子网，而且都要 连上Internet，请问子网掩码设为（      ）。',0,'255.0.0.0','255.255.0.0','255.255.128.0 ','255.255.240.0','D',NULL,14,0,'2020-06-11 14:29:12',NULL,2,2,1),(3115,'IPv4的32位地址共40多亿个，IPv6的128位地址是IPv4地址总数的（     ）倍','IPv4的32位地址共40多亿个，IPv6的128位地址是IPv4地址总数的（     ）倍',0,'4','96','2的96次方','2的4次方','C',NULL,14,0,'2020-06-11 14:29:12',NULL,2,2,1),(3116,'Web服务通过（    ）协议来建立连接','Web服务通过（    ）协议来建立连接',0,'FTP','IP','HTTP','WWW','C',NULL,14,0,'2020-06-11 14:29:12',NULL,2,2,1),(3117,'报文交换与分组交换相比有（    ）','报文交换与分组交换相比有（    ）',0,'报文交换属于存储转发型交换，而分组交换不是','分组交换属于存储转发型交换，而报文交换不是','报文交换与分组交换均属于存储转发型交换','报文交换与分组交换均不属于存储转发型交换','C',NULL,14,0,'2020-06-11 14:29:12',NULL,2,2,1),(3118,'出于安全的考试，管理员希望阻止由外网进入的PING嗅探，那么管理员需要阻止哪一类协议？（     ）','出于安全的考试，管理员希望阻止由外网进入的PING嗅探，那么管理员需要阻止哪一类协议？（     ）',0,'TCP','UDP','IP','ICMP','D',NULL,14,0,'2020-06-11 14:29:12',NULL,2,2,1),(3119,'当路由器接收的IP报文中的目标网络不在路由表中时，将采取的策略是 （     ）','当路由器接收的IP报文中的目标网络不在路由表中时，将采取的策略是 （     ）',0,'丢掉该报文','将该报文以广播的形式从该路由器的所有端口发出','将报文退还给上级设备','向某个特定的路由器请求路由','A',NULL,14,0,'2020-06-11 14:29:12',NULL,2,2,1),(3120,'当数据在网络层时，称之为（     ）','当数据在网络层时，称之为（     ）',0,'Segment','Packet','Bit','Frame','B',NULL,14,0,'2020-06-11 14:29:12',NULL,2,2,1),(3121,'对IP数据报分片的重组通常发生在（     ）上','对IP数据报分片的重组通常发生在（     ）上',0,'源主机','目的主机','IP数据报经过的路由器','目的主机或路由器','B',NULL,14,0,'2020-06-11 14:29:12',NULL,2,2,1),(3122,'各种网络主机设备需要使用具体的线缆连接，下列网络设备间的连接，（    ）是正确的','各种网络主机设备需要使用具体的线缆连接，下列网络设备间的连接，（    ）是正确的',0,'主机—主机，直连','主机—交换机，交叉','主机—路由器，直连','交换机—路由器，直连','D',NULL,14,0,'2020-06-11 14:29:12',NULL,2,2,1),(3123,'关于ARP表，以下描述中正确的是 （     ）','关于ARP表，以下描述中正确的是 （     ）',0,'提供常用目标地址的快捷方式来减少网络流量','用于建立IP地址到MAC地址的映射','用于在各个子网之间进行路由选择','用于进行应用层信息的转换','B',NULL,14,0,'2020-06-11 14:29:12',NULL,2,2,1),(3124,'关于路由器，下列说法中错误的是（     ）','关于路由器，下列说法中错误的是（     ）',0,'路由器可以隔离子网，抑制广播风暴','路由器可以实现网络地址转换','路由器可以提供可靠性不同的多条路由选择','路由器只能实现点对点的传输','D',NULL,14,0,'2020-06-11 14:29:12',NULL,2,2,1),(3125,'假如收到1000000000个码元，经检查有一个码元出错，则误码率为：(       )','假如收到1000000000个码元，经检查有一个码元出错，则误码率为：(       )',0,'十的负二次方','十的负四次方','十的负六次方','十的负九次方','D',NULL,14,0,'2020-06-11 14:29:12',NULL,2,2,1),(3126,'就交换技术而言，局域网中的以太网采用的是（    ）','就交换技术而言，局域网中的以太网采用的是（    ）',0,'分组交换技术','电路交换技术','报文交换技术','分组交换与电路交换结合技术','A',NULL,14,0,'2020-06-11 14:29:12',NULL,2,2,1),(3127,'某公司的几个分部在市内的不同地点办公，各分部联网的最好解决方案是（     ）','某公司的几个分部在市内的不同地点办公，各分部联网的最好解决方案是（     ）',0,'公司使用统一的网络地址块，各分部之间用以太网相连','公司使用统一的网络地址块，各分部之间用网桥相连','各分部分别申请一个网络地址块，用集线器相连','把公司的网络地址块划分为几个子网，各分部之间用路由器相连','D',NULL,14,0,'2020-06-11 14:29:12',NULL,2,2,1),(3128,'某公司申请到一个C类IP地址，但要连接6个的子公司，最大的一个子公司有26台计算机，每个子公司在一个网段中，则子网掩码应设为（       ）','某公司申请到一个C类IP地址，但要连接6个的子公司，最大的一个子公司有26台计算机，每个子公司在一个网段中，则子网掩码应设为（       ）',0,'255.255.255.0','255.255.255.128','255.255.255.192','255.255.255.224','D',NULL,14,0,'2020-06-11 14:29:12',NULL,2,2,1),(3129,'哪种LAN是应用CSMA/CD协议的（      ）','哪种LAN是应用CSMA/CD协议的（      ）',0,'令牌环','FDDI','ETHERNET','NOVELL','C',NULL,14,0,'2020-06-11 14:29:12',NULL,2,2,1),(3130,'数据解封装的过程是（     ）','数据解封装的过程是（     ）',0,'段—包—帧—流—数据','流—帧—包—段—数据','数据—包—段—帧—流','数据—段—包—帧—流','B',NULL,14,0,'2020-06-11 14:29:12',NULL,2,2,1),(3131,'物理层传输的是（      ）','物理层传输的是（      ）',0,'原始比特','分组','信元','帧','A',NULL,14,0,'2020-06-11 14:29:12',NULL,2,2,1),(3132,'下列交换技术中，节点不采用“存储—转发”方式的是（      ）','下列交换技术中，节点不采用“存储—转发”方式的是（      ）',0,'电路交换技术','报文交换技术','虚电路交换技术','数据报交换技术','A',NULL,14,0,'2020-06-11 14:29:12',NULL,2,2,1),(3133,'下列有关集线器的说法正确的是（     ）','下列有关集线器的说法正确的是（     ）',0,'集线器只能和工作站相连','利用集线器可将总线型网络转换为星型拓扑','集线器只对信号起传递作用','集线器不能实现网段的隔离','B',NULL,14,0,'2020-06-11 14:29:12',NULL,2,2,1),(3134,'下列有关计算机网络叙述错误的是（     ）','下列有关计算机网络叙述错误的是（     ）',0,'利用Internet网可以使用远程的超级计算中心的计算机资源','计算机网络是在通信协议控制下实现的计算机互联','建立计算机网络的最主要目的是实现资源共享','以接入的计算机多少可以将网络划分为广域网、城域网和局域网','D',NULL,14,0,'2020-06-11 14:29:12',NULL,2,2,1),(3135,'下面对应用层协议说法正确的有（     ）','下面对应用层协议说法正确的有（     ）',0,'DNS 协议支持域名解析服务，其服务端口号为80','TELNET 协议支持远程登陆应用','电子邮件系统中，发送电子邮件和接收电子邮件均采用SMTP 协议','.FTP 协议提供文件传输服务，并仅使用一个端口','B',NULL,14,0,'2020-06-11 14:29:12',NULL,2,2,1),(3136,'下面关于CSMA/CD网络的叙述哪个是正确的?（     ）','下面关于CSMA/CD网络的叙述哪个是正确的?（     ）',0,'任何一个节点的通信数据要通过整个网络，并且每—个节点都接收并检验该数据','如果源节点知道目的地的IP和MAC地址的话，信号是直接送往目的地','—个节点的数据发往最近的路由器，路由器将数据直接发到目的地','信号都是以广播方式发送的','A',NULL,14,0,'2020-06-11 14:29:12',NULL,2,2,1),(3137,'下面关于ICMP协议的描述中，正确的是（     ）','下面关于ICMP协议的描述中，正确的是（     ）',0,'ICMP协议根据MAC地址查找对应的IP地址','ICMP协议把公网的IP地址转换为私网的IP地址','ICMP协议用于控制数据报传送中的差错情况','ICMP协议集中管理网络中的IP地址分配 ','C',NULL,14,0,'2020-06-11 14:29:12',NULL,2,2,1),(3138,'小于（     ）的TCP/UDP端口号已保留与现有服务一一对应，此数字以上的端口号可自由分配。','小于（     ）的TCP/UDP端口号已保留与现有服务一一对应，此数字以上的端口号可自由分配。',0,'199','100','1024','2048','C',NULL,14,0,'2020-06-11 14:29:12',NULL,2,2,1),(3139,'协议是（     ）之间进行通信的规则或约定','协议是（     ）之间进行通信的规则或约定',0,'同一结点上下层','不同结点','相邻实体','不同结点对等实体','D',NULL,14,0,'2020-06-11 14:29:12',NULL,2,2,1),(3140,'一台十六口交换机，每端口均为10/100M全双工自适应，则该交换机的总线带宽为（     ）','一台十六口交换机，每端口均为10/100M全双工自适应，则该交换机的总线带宽为（     ）',0,'10M','100M','1.6G','3.2G','D',NULL,14,0,'2020-06-11 14:29:12',NULL,2,2,1),(3141,'以太网交换机根据（     ）转发数据包。','以太网交换机根据（     ）转发数据包。',0,'IP地址','MAC地址','LLC地址','端口地址','B',NULL,14,0,'2020-06-11 14:29:12',NULL,2,2,1),(3142,'以太网媒体访问控制技术CSMA/CD的机制是（     ）','以太网媒体访问控制技术CSMA/CD的机制是（     ）',0,'争用带宽','预约带宽','循环使用带宽','按优先级分配带宽','A',NULL,14,0,'2020-06-11 14:29:12',NULL,2,2,1),(3143,'以下对IP地址分配中描述不正确的是（     ）','以下对IP地址分配中描述不正确的是（     ）',0,'网络ID不能全为1或全为0','同一网络上每台主机必须有不同的网络ID','网络ID不能以127开头','同一网络上每台主机必须分配唯一的主机ID','B',NULL,14,0,'2020-06-11 14:29:12',NULL,2,2,1),(3144,'以下关于100BASE-T的描述中错误的是（     ）','以下关于100BASE-T的描述中错误的是（     ）',0,'数据传输速率为100Mbit/S','信号类型为基带信号','采用5 类UTP，其最大传输距离为185M','支持共享式和交换式两种组网方式','C',NULL,14,0,'2020-06-11 14:29:12',NULL,2,2,1),(3145,'在B类网络中，可以分配的主机地址是多少?（     ）','在B类网络中，可以分配的主机地址是多少?（     ）',0,'1022','4094','32766','65534','D',NULL,14,0,'2020-06-11 14:29:12',NULL,2,2,1),(3146,'在HFC网络中，Cable Modem的作用是（     ）','在HFC网络中，Cable Modem的作用是（     ）',0,'用于调制解调和拨号上网','用于调制解调以及作为以太网接口','用于连接电话线和用户终端计算机','连接ISDN接口和用户终端计算机','B',NULL,14,0,'2020-06-11 14:29:12',NULL,2,2,1),(3147,'在OSI环境中，不同开放系统对等实体之间的通信，需要（N）实体向相邻的上一层（N+1）实体提供一种能力，这种能力称为（     ）','在OSI环境中，不同开放系统对等实体之间的通信，需要（N）实体向相邻的上一层（N+1）实体提供一种能力，这种能力称为（     ）',0,'协议','服务','用户','功能','B',NULL,14,0,'2020-06-11 14:29:12',NULL,2,2,1),(3148,'在TCP 协议中，建立连接时需要将（ ）字段中的（ ）标志位位置','在TCP 协议中，建立连接时需要将（ ）字段中的（ ）标志位位置',0,'保留 ACK','保留 SYN','偏移 ACK','控制 SYN','D',NULL,14,0,'2020-06-11 14:29:12',NULL,2,2,1),(3149,'在拓扑结构中，下列关于环型的叙述正确的是（   ）','在拓扑结构中，下列关于环型的叙述正确的是（   ）',0,'环中的数据沿着环的两个方向绕环传输','环型拓扑中各结点首尾相连形成一个永不闭合的环','环型拓扑的抗故障性能好','网络中的任意一个结点或一条传输介质出现故障都不会导致整个网络的故障','C',NULL,14,0,'2020-06-11 14:29:12',NULL,2,2,1),(3150,' 224.0.0.5 代表的是___地址。 （     ）',' 224.0.0.5 代表的是___地址。 （     ）',0,'主机地址','网络地址','组播地址','广播地址','C',NULL,14,0,'2020-06-11 14:29:12',NULL,2,2,1),(3151,' TCP是一个面向连接的协议，它提供连接的功能是（     ）的。',' TCP是一个面向连接的协议，它提供连接的功能是（     ）的。',0,'全双工','半双工','单工','不确定','A',NULL,14,0,'2020-06-11 14:29:12',NULL,2,2,1),(3152,' 目前网络应用系统采用的主要模型是(      )',' 目前网络应用系统采用的主要模型是(      )',0,'离散个人计算模型','主机计算模型','客户/服务器计算模型','网络/文件服务器计算模型','C',NULL,14,0,'2020-06-11 14:29:12',NULL,2,2,1),(3153,' 以下网络地址中属于私网地址(PrivateAddress)的是（     ）',' 以下网络地址中属于私网地址(PrivateAddress)的是（     ）',0,'172.15.22.1','128.168.22.1','172.16.22.1','192.158.22.1','C',NULL,14,0,'2020-06-11 14:29:12',NULL,2,2,1),(3154,'以下属于低层协议的是：(       )','以下属于低层协议的是：(       )',0,'FTP','IP','UDP','TCP','B',NULL,14,0,'2020-06-11 14:29:12',NULL,2,2,1),(3155,'100BASE-TX中，所用的传输介质是(     )','100BASE-TX中，所用的传输介质是(     )',0,'3类双绞线','5类双绞线','1类屏蔽双绞线','任意双绞线','B',NULL,14,0,'2020-06-11 14:29:12',NULL,2,2,1),(3156,'255.255.255.224可能代表的是（     ）','255.255.255.224可能代表的是（     ）',0,'一个B类网络号','一个C类网络中的广播','一个具有子网的网络掩码','以上都不是','C',NULL,14,0,'2020-06-11 14:29:12',NULL,2,2,1),(3157,'ARP 协议的作用是 （  ）','ARP 协议的作用是 （  ）',0,'将端口号映射到IP 地址','连接IP 层和TCP 层','广播IP 地址','将IP 地址映射到第二层地址','D',NULL,14,0,'2020-06-11 14:29:12',NULL,2,2,1),(3158,'BGP是在（      ）之间传播路由的协议。','BGP是在（      ）之间传播路由的协议。',0,'主机','子网','区域（area）','自治系统（AS）','D',NULL,14,0,'2020-06-11 14:29:12',NULL,2,2,1),(3159,'FTP协议的缺省端口号是（     ）','FTP协议的缺省端口号是（     ）',0,'21','23','25','29','A',NULL,14,0,'2020-06-11 14:29:12',NULL,2,2,1),(3160,'IP协议提供的服务是(       )。','IP协议提供的服务是(       )。',0,'可靠服务','有确认的服务','不可靠无连接数据报服务 ','以上都不对','C',NULL,14,0,'2020-06-11 14:29:12',NULL,2,2,1),(3161,'RARP协议用于（     ）','RARP协议用于（     ）',0,'根据IP地址查询对应的MAC地址','IP协议运行中的差错控制','把MAC地址转换成对应的IP地址','根据交换的路由信息动态生成路由表','C',NULL,14,0,'2020-06-11 14:29:12',NULL,2,2,1),(3162,'TCP/IP协议簇包含一个提供对电子邮件邮箱进行远程获取的协议，称为（     ）','TCP/IP协议簇包含一个提供对电子邮件邮箱进行远程获取的协议，称为（     ）',0,'POP','SMTP','FTP','TELNET','A',NULL,14,0,'2020-06-11 14:29:12',NULL,2,2,1),(3163,'TCP的协议数据单元被称为（     ）','TCP的协议数据单元被称为（     ）',0,'比特','帧　','分段','字符','C',NULL,14,0,'2020-06-11 14:29:12',NULL,2,2,1),(3164,'TCP和UDP协议的相似之处是（      ）','TCP和UDP协议的相似之处是（      ）',0,'面向连接的协议','面向非连接的协议','传输层协议','以上均不对','C',NULL,14,0,'2020-06-11 14:29:12',NULL,2,2,1),(3165,'www.tsinghua.edu.cn在这个完整名称（FQDN）里，（    ）是主机名','www.tsinghua.edu.cn在这个完整名称（FQDN）里，（    ）是主机名',0,'edu.cn','tsinghua　',' tsinghua.edu.cn',' www','D',NULL,14,0,'2020-06-11 14:29:12',NULL,2,2,1),(3166,'将模拟数据变换成数字信号的设备是（    ）','将模拟数据变换成数字信号的设备是（    ）',0,'编码译码起','调制解调器','信号放大器 ','信号中继器','B',NULL,14,0,'2020-06-11 14:29:12',NULL,2,2,1),(3167,'交换机收到一个帧，但该帧的目标地址在其MAC地址表中找不到对应，交换机将（     ）','交换机收到一个帧，但该帧的目标地址在其MAC地址表中找不到对应，交换机将（     ）',0,'丢弃','退回','洪泛','转发给网关','C',NULL,14,0,'2020-06-11 14:29:12',NULL,2,2,1),(3168,'决定使用哪条途径通过子网，应属于下列OSI 的哪一层处理？（       ）','决定使用哪条途径通过子网，应属于下列OSI 的哪一层处理？（       ）',0,'物理层','数据链路层','传输层','网络层','D',NULL,14,0,'2020-06-11 14:29:12',NULL,2,2,1),(3169,'路由器最主要的功能是（   ）','路由器最主要的功能是（   ）',0,'将信号还原为原来的强度，再传送出去','选择数据包传送的最佳路径','集中线路','连接互联网','B',NULL,14,0,'2020-06-11 14:29:12',NULL,2,2,1),(3170,'内部网关协议RIP是一种广泛使用的基于（      ）的协议。','内部网关协议RIP是一种广泛使用的基于（      ）的协议。',0,'链路状态算法','距离矢量算法','集中式路由算法','固定路由算法','B',NULL,14,0,'2020-06-11 14:29:12',NULL,2,2,1),(3171,'三次握手方法用于（    ）','三次握手方法用于（    ）',0,'传输层连接的建立','数据链路层的流量控制','传输层的重复检测','传输层的流量控制','A',NULL,14,0,'2020-06-11 14:29:12',NULL,2,2,1),(3172,'通过收音机收听广播电台节目是（    ）通信','通过收音机收听广播电台节目是（    ）通信',0,'全双工','半双工','单工','基带','C',NULL,14,0,'2020-06-11 14:29:12',NULL,2,2,1),(3173,'通信系统必须具备的三个基本要素是（     ）','通信系统必须具备的三个基本要素是（     ）',0,'终端、电缆、计算机','信号发生器、通信线路、信号接收设备','信源、通信媒体、信宿','终端、通信设施、接收设备','C',NULL,14,0,'2020-06-11 14:29:12',NULL,2,2,1),(3174,'网卡是完成(       )功能的','网卡是完成(       )功能的',0,'物理层','数据链路层','物理和数据链路层','数据链路层和网络层','C',NULL,14,0,'2020-06-11 14:29:12',NULL,2,2,1),(3175,'系统可靠性最高的网络拓扑结构是（     ）','系统可靠性最高的网络拓扑结构是（     ）',0,'总线型','网状型','星型','树型','B',NULL,14,0,'2020-06-11 14:29:12',NULL,2,2,1),(3176,'下列不是网络操作系统的是（    ）','下列不是网络操作系统的是（    ）',0,'Windows Server 2008','Linux','UNIX','DOS','D',NULL,14,0,'2020-06-11 14:29:12',NULL,2,2,1),(3177,'下列地址中哪些是私有地址 （     ）','下列地址中哪些是私有地址 （     ）',0,'172.32.0.1','172.0.0.1','172.16.0.255','172.15.255.255','C',NULL,14,0,'2020-06-11 14:29:12',NULL,2,2,1),(3178,'下列关于IPv4地址的描述中错误是（     ）','下列关于IPv4地址的描述中错误是（     ）',0,'IP地址的总长度为32位','每一个IP地址都由网络地址和主机地址组成','一个C类地址拥有8位主机地址，可给254台主机分配地址 ','A类地址拥有最多的网络数','D',NULL,14,0,'2020-06-11 14:29:12',NULL,2,2,1),(3179,'下列关于IP地址的说法中错误的是（     ）','下列关于IP地址的说法中错误的是（     ）',0,'一个IP地址只能标识网络中的唯一的一台计算机','IP地址一般用点分十进制表示','地址205.106.286.36是一个非法的IP地址','同一个网络中不能有两台计算机的IP地址相同','C',NULL,14,0,'2020-06-11 14:29:12',NULL,2,2,1),(3180,'下列关于广域网的叙述，错误的是（     ）','下列关于广域网的叙述，错误的是（     ）',0,'广域网能连接多个城市或国家并能提供远距离通信','广域网一般可以包含OSI参考模型的7个层次','目前大部分广域网都采用存储转发方式进行数据交换','广域网可以提供面向连接和无连接两种服务模式','B',NULL,14,0,'2020-06-11 14:29:12',NULL,2,2,1),(3181,'下列哪种连接方式采用上、下行不对称的高速数据调制技术（     ）','下列哪种连接方式采用上、下行不对称的高速数据调制技术（     ）',0,'ISDN','Cable Modem',' ADSL','UML','C',NULL,14,0,'2020-06-11 14:29:12',NULL,2,2,1),(3182,'下列说法错误的是（     ）','下列说法错误的是（     ）',0,'电子邮件是Internet提供的一项最基本的服务','电子邮件具有快速、高效、方便、价廉等特点','通过电子邮件，可向世界上任何一个角落的网上用户发送信息','可发送的多媒体信息只有文字和图像','D',NULL,14,0,'2020-06-11 14:29:12',NULL,2,2,1),(3183,'下面接入方式中哪种传输速率最快（     ）','下面接入方式中哪种传输速率最快（     ）',0,'电话拨号','DDN专线','ADSLD光纤同轴混合（HFC）','光纤接入','D',NULL,14,0,'2020-06-11 14:29:12',NULL,2,2,1),(3184,'下面有关VLAN的说法正确的是 （     ）','下面有关VLAN的说法正确的是 （     ）',0,'一个VLAN组成一个广播域',' 一个VLAN是一个冲突域 ',' 各个VLAN之间不能通信',' VLAN之间必须通过服务器交换信息','A',NULL,14,0,'2020-06-11 14:29:12',NULL,2,2,1),(3185,'一般来说，用户上网要通过因特网服务提供商，其英文缩写为(    )','一般来说，用户上网要通过因特网服务提供商，其英文缩写为(    )',0,'IDC ','ICP','ASP','ISP','D',NULL,14,0,'2020-06-11 14:29:12',NULL,2,2,1),(3186,'一个VLAN可以看作是一个 （      ）','一个VLAN可以看作是一个 （      ）',0,'冲突域','广播域','管理域','阻塞域','B',NULL,14,0,'2020-06-11 14:29:13',NULL,2,2,1),(3187,'以太网100BASE-FX标准规定的传输介质是（     ）','以太网100BASE-FX标准规定的传输介质是（     ）',0,'3类UTP','5类UTP','无线介质','光纤','D',NULL,14,0,'2020-06-11 14:29:13',NULL,2,2,1),(3188,'以太网交换机的每一个端口可以看做一个（    ）','以太网交换机的每一个端口可以看做一个（    ）',0,'冲突域 ','广播域','管理域','阻塞域','A',NULL,14,0,'2020-06-11 14:29:13',NULL,2,2,1),(3189,'以下IP地址中，属于C类地址的是（    ）','以下IP地址中，属于C类地址的是（    ）',0,'3.3.57.0','193.1.1.2 ','131.107.2.89 ','190.1.1.4','B',NULL,14,0,'2020-06-11 14:29:13',NULL,2,2,1),(3190,'以下各项中，不是IP数据报操作特点的是（     ）','以下各项中，不是IP数据报操作特点的是（     ）',0,'每个分组自身携带有足够的信息，它的传送是被单独处理的','在整个传送过程中，不需建立虚电路','使所有分组按顺序到达目的端系统','网络节点要为每个分组做出路由选择','C',NULL,14,0,'2020-06-11 14:29:13',NULL,2,2,1),(3191,'以下关于TCP/IP协议的描述中，哪个是错误的（     ）','以下关于TCP/IP协议的描述中，哪个是错误的（     ）',0,'TCP/IP协议属于应用层','TCP、UDP协议都要通过IP协议来发送、接收数据','TCP协议提供可靠的面向连接服务','UDP协议提供简单的无连接服务','A',NULL,14,0,'2020-06-11 14:29:13',NULL,2,2,1),(3192,'以下属于广域网技术的是（     ）','以下属于广域网技术的是（     ）',0,'以太网','令牌环网','帧中继','FDDI','C',NULL,14,0,'2020-06-11 14:29:13',NULL,2,2,1),(3193,'以下属于物理层的设备是（       ）。','以下属于物理层的设备是（       ）。',0,'中继器','以太网交换机','网桥','网关','A',NULL,14,0,'2020-06-11 14:29:13',NULL,2,2,1),(3194,'以下网络地址中属于私网地址的是(        )。','以下网络地址中属于私网地址的是(        )。',0,'172.15.22.1','128.168.22.1','172.16.22.1','192.158.22.1','C',NULL,14,0,'2020-06-11 14:29:13',NULL,2,2,1),(3195,'以下有关以太网MAC地址说法正确的是（     ）','以下有关以太网MAC地址说法正确的是（     ）',0,'MAC地址全球唯一','MAC地址56位','MAC地址中前八位十六进制数由IEEE统一分配，后八位十六制数由厂商自行分配','Internet中每个设备都有MAC地址','A',NULL,14,0,'2020-06-11 14:29:13',NULL,2,2,1),(3196,'用TCP／IP协议的网络在传输信息时，如果出了错误需要报告，采用的协议是（     ）','用TCP／IP协议的网络在传输信息时，如果出了错误需要报告，采用的协议是（     ）',0,'ICMP','HTTP','TCP','SMTP','A',NULL,14,0,'2020-06-11 14:29:13',NULL,2,2,1),(3197,'在IP地址方案中，159.226.181.1是一个（     ）','在IP地址方案中，159.226.181.1是一个（     ）',0,'A类地址','B类地址',' C类地址','D类地址','B',NULL,14,0,'2020-06-11 14:29:13',NULL,2,2,1),(3198,'在IP协议中用来进行组播的IP地址是（     ）','在IP协议中用来进行组播的IP地址是（     ）',0,'A类','C类','D类','E类','C',NULL,14,0,'2020-06-11 14:29:13',NULL,2,2,1),(3199,'在OSI 模型中，一个层N 与它的上层（第N+1 层）的关系是什么？（      ）','在OSI 模型中，一个层N 与它的上层（第N+1 层）的关系是什么？（      ）',0,'第N 层为第N+1 层提供服务','第N+1 层把从第N 层接收到的信息添一个报头','第N 层使用第N+1 层第通的服务','第N 层与第N+1 层相互没有影响','A',NULL,14,0,'2020-06-11 14:29:13',NULL,2,2,1),(3200,'在OSI的七层参考模型中，工作在第三层以上的网间连接设备是（     ）','在OSI的七层参考模型中，工作在第三层以上的网间连接设备是（     ）',0,'集线器','网关','网桥','中继器','C',NULL,14,0,'2020-06-11 14:29:13',NULL,2,2,1),(3201,'在TCP/IP协议簇的层次中，解决计算机之间通信问题是在（    ）','在TCP/IP协议簇的层次中，解决计算机之间通信问题是在（    ）',0,'网络接口层','网际层','传输层','应用层','B',NULL,14,0,'2020-06-11 14:29:13',NULL,2,2,1),(3202,'在TCP/IP协议簇中，（     ）属于自上而下的第二层','在TCP/IP协议簇中，（     ）属于自上而下的第二层',0,'ICMP','SNMP','UDP','IP','C',NULL,14,0,'2020-06-11 14:29:13',NULL,2,2,1),(3203,'在TCP/IP中，解决计算机到计算机之间通信问题的层次是（      ）','在TCP/IP中，解决计算机到计算机之间通信问题的层次是（      ）',0,'网络接口层','网络接口层','传输层','应用层','B',NULL,14,0,'2020-06-11 14:29:13',NULL,2,2,1),(3204,'在Windows操作系统中可以通过安装（     ）组件创建FTP站点','在Windows操作系统中可以通过安装（     ）组件创建FTP站点',0,'IIS','IE','WWW','DNS','A',NULL,14,0,'2020-06-11 14:29:13',NULL,2,2,1),(3205,'在计算机网络中，所有的计算机均连接到一条通信传输线路上，在线路两端连有防止信号反射的装置。 这种连接结构被称为（       ）','在计算机网络中，所有的计算机均连接到一条通信传输线路上，在线路两端连有防止信号反射的装置。 这种连接结构被称为（       ）',0,'总线结构','环型结构','星型结构','网状结构','A',NULL,14,0,'2020-06-11 14:29:13',NULL,2,2,1),(3206,'在计算机网络中，一般局域网的数据传输速率要比广域网的数据传输速率（ ）','在计算机网络中，一般局域网的数据传输速率要比广域网的数据传输速率（ ）',0,'高','低','相同','不确定','A',NULL,14,0,'2020-06-11 14:29:13',NULL,2,2,1),(3207,'在交换机的MAC地址表中，交换机的以太网接口和（    ）一起作为一个表项。','在交换机的MAC地址表中，交换机的以太网接口和（    ）一起作为一个表项。',0,'IP地址','MAC地址','端口地址','网络地址','B',NULL,14,0,'2020-06-11 14:29:13',NULL,2,2,1),(3208,'在虚电路服务中分组的顺序（     ）','在虚电路服务中分组的顺序（     ）',0,'总是按发送顺序到达目的站','总是与发送顺序相反到达目的站','到达目的站时可能不按发送顺序','到达顺序是任意的','A',NULL,14,0,'2020-06-11 14:29:13',NULL,2,2,1),(3209,'在以太网中，是根据（      ）地址来区分不同的设备的。','在以太网中，是根据（      ）地址来区分不同的设备的。',0,'LLC地址','MAC地址','IP地址','IPX地址','B',NULL,14,0,'2020-06-11 14:29:13',NULL,2,2,1),(3210,'在以下四个WWW网址中，哪一个网址不符合WWW网址书写规则（     ）','在以下四个WWW网址中，哪一个网址不符合WWW网址书写规则（     ）',0,'www.163.com ','www.nk.cn.edu','www.863.org.cn','www.tj.net.jp','B',NULL,14,0,'2020-06-11 14:29:13',NULL,2,2,1),(3211,'在中继系统中，中继器处于（    ）','在中继系统中，中继器处于（    ）',0,'物理层','数据链路层','网络层','高层','A',NULL,14,0,'2020-06-11 14:29:13',NULL,2,2,1),(3212,'RIP（Routing Information Protocol）是一种路由协议。（     ）','RIP（Routing Information Protocol）是一种路由协议。（     ）',5,'对','错',NULL,NULL,'A',NULL,14,0,'2020-06-11 14:29:13',NULL,1,2,1),(3213,'传输控制协议（TCP）属于传输层协议，而用户数据报协议（UDP）属于网络层协议。（     ）','传输控制协议（TCP）属于传输层协议，而用户数据报协议（UDP）属于网络层协议。（     ）',5,'对','错',NULL,NULL,'B',NULL,14,0,'2020-06-11 14:29:13',NULL,1,2,1),(3214,'介质访问控制技术是局域网的最重要的基本技术。（     ）','介质访问控制技术是局域网的最重要的基本技术。（     ）',5,'对','错',NULL,NULL,'A',NULL,14,0,'2020-06-11 14:29:13',NULL,1,2,1),(3215,'模拟数据是指在某个区间产生的连续的值。（     ）','模拟数据是指在某个区间产生的连续的值。（     ）',5,'对','错',NULL,NULL,'A',NULL,14,0,'2020-06-11 14:29:13',NULL,1,2,1),(3216,'目前使用的广域网基本都采用星型拓扑结构。（     ）','目前使用的广域网基本都采用星型拓扑结构。（     ）',5,'对','错',NULL,NULL,'B',NULL,14,0,'2020-06-11 14:29:13',NULL,1,2,1),(3217,'双绞线不仅可以传输数字信号，而且也可以传输模拟信号。（     ）','双绞线不仅可以传输数字信号，而且也可以传输模拟信号。（     ）',5,'对','错',NULL,NULL,'A',NULL,14,0,'2020-06-11 14:29:13',NULL,1,2,1),(3218,'网络域名地址便于用户记忆，通俗易懂，可以采用英文也可以用中文名称命名.（     ）','网络域名地址便于用户记忆，通俗易懂，可以采用英文也可以用中文名称命名.（     ）',5,'对','错',NULL,NULL,'A',NULL,14,0,'2020-06-11 14:29:13',NULL,1,2,1),(3219,'网络域名地址一般都通俗易懂，大多采用英文名称的缩写来命名。（     ）','网络域名地址一般都通俗易懂，大多采用英文名称的缩写来命名。（     ）',5,'对','错',NULL,NULL,'A',NULL,14,0,'2020-06-11 14:29:13',NULL,1,2,1),(3220,'网络中机器的标准名称包括域名和主机名，采取多段表示方法，各段间用圆点分开','网络中机器的标准名称包括域名和主机名，采取多段表示方法，各段间用圆点分开',5,'对','错',NULL,NULL,'A',NULL,14,0,'2020-06-11 14:29:13',NULL,1,2,1),(3221,'信息化是指社会经济结构从物质与能量为重心，向信息与知识为重心转变的过程。（     ）','信息化是指社会经济结构从物质与能量为重心，向信息与知识为重心转变的过程。（     ）',5,'对','错',NULL,NULL,'A',NULL,14,0,'2020-06-11 14:29:13',NULL,1,2,1),(3222,'信息是客观存在的，信息化在某种意义上来说就是将信息数字化。（     ）','信息是客观存在的，信息化在某种意义上来说就是将信息数字化。（     ）',5,'对','错',NULL,NULL,'A',NULL,14,0,'2020-06-11 14:29:13',NULL,1,2,1),(3223,'在TCP/IP 体系中，ARP 属于网络层协议.（     ）','在TCP/IP 体系中，ARP 属于网络层协议.（     ）',5,'对','错',NULL,NULL,'A',NULL,14,0,'2020-06-11 14:29:13',NULL,1,2,1),(3224,'在转发邮件中，收件人栏和主题栏都会自动填名。','在转发邮件中，收件人栏和主题栏都会自动填名。',5,'对','错',NULL,NULL,'B',NULL,14,0,'2020-06-11 14:29:13',NULL,1,2,1),(3225,'CRC码主要用于数据链路层控制协议中。（     ）','CRC码主要用于数据链路层控制协议中。（     ）',5,'对','错',NULL,NULL,'A',NULL,14,0,'2020-06-11 14:29:13',NULL,1,2,1),(3226,'ICMP协议是IP协议的一部分。（     ）','ICMP协议是IP协议的一部分。（     ）',5,'对','错',NULL,NULL,'A',NULL,14,0,'2020-06-11 14:29:13',NULL,1,2,1),(3227,'LAN和WAN的主要区别是通信距离和传输速率。（     ）','LAN和WAN的主要区别是通信距离和传输速率。（     ）',5,'对','错',NULL,NULL,'A',NULL,14,0,'2020-06-11 14:29:13',NULL,1,2,1),(3228,'波分多路复用WDM就相当于TDM在光纤介质上的应用。','波分多路复用WDM就相当于TDM在光纤介质上的应用。',5,'对','错',NULL,NULL,'B',NULL,14,0,'2020-06-11 14:29:13',NULL,1,2,1),(3229,'差错控制是一种主动的防范措施。（     ）','差错控制是一种主动的防范措施。（     ）',5,'对','错',NULL,NULL,'A',NULL,14,0,'2020-06-11 14:29:13',NULL,1,2,1),(3230,'因特网路由器在选路时不仅要考虑目的站IP地址，而且还要考虑目的站的物理地址。（     ）','因特网路由器在选路时不仅要考虑目的站IP地址，而且还要考虑目的站的物理地址。（     ）',5,'对','错',NULL,NULL,'B',NULL,14,0,'2020-06-11 14:29:13',NULL,1,2,1),(3231,'由于TCP为用户提供的是可靠的、面向连接的服务，因此该协议对于一些实时应用，如IP电话、视频会议等比较适合。','由于TCP为用户提供的是可靠的、面向连接的服务，因此该协议对于一些实时应用，如IP电话、视频会议等比较适合。',5,'对','错',NULL,NULL,'B',NULL,14,0,'2020-06-11 14:29:13',NULL,1,2,1),(3232,'与电路交换相同的是，报文交换采用存储转发方式交换数据。（     ）','与电路交换相同的是，报文交换采用存储转发方式交换数据。（     ）',5,'对','错',NULL,NULL,'B',NULL,14,0,'2020-06-11 14:29:13',NULL,1,2,1),(3233,'在数字通信中发送端和接收端必需以某种方式保持同步。（     ）','在数字通信中发送端和接收端必需以某种方式保持同步。（     ）',5,'对','错',NULL,NULL,'A',NULL,14,0,'2020-06-11 14:29:13',NULL,1,2,1),(3234,'IP层是TCP/IP实现网络互连的关键，但IP层不提供可靠性保障，所以TCP/IP网络中没有可靠性机制。（     ）','IP层是TCP/IP实现网络互连的关键，但IP层不提供可靠性保障，所以TCP/IP网络中没有可靠性机制。（     ）',5,'对','错',NULL,NULL,'B',NULL,14,0,'2020-06-11 14:29:13',NULL,1,2,1),(3235,'ISO划分网络层次的基本原则是：不同节点具有不同的层次，不同节点的相同层次有相同的功能。（     ）','ISO划分网络层次的基本原则是：不同节点具有不同的层次，不同节点的相同层次有相同的功能。（     ）',5,'对','错',NULL,NULL,'A',NULL,14,0,'2020-06-11 14:29:13',NULL,1,2,1),(3236,'PPP (Point-to-Point Protocol，点到点的协议)是一种在同步或异步线路上对数据包进行封装的数据链路协议，早期的家庭拨号上网主要采用SLIP 协议，而现在更多的是用PPP 协议。（     ）','PPP (Point-to-Point Protocol，点到点的协议)是一种在同步或异步线路上对数据包进行封装的数据链路协议，早期的家庭拨号上网主要采用SLIP 协议，而现在更多的是用PPP 协议。（     ）',5,'对','错',NULL,NULL,'A',NULL,14,0,'2020-06-11 14:29:13',NULL,1,2,1),(3237,'TCP/IP不符合国际标准化组织OSI的标准。（     ）','TCP/IP不符合国际标准化组织OSI的标准。（     ）',5,'对','错',NULL,NULL,'A',NULL,14,0,'2020-06-11 14:29:13',NULL,1,2,1),(3238,'报文交换的线路利用率高于电路交换。（     ）','报文交换的线路利用率高于电路交换。（     ）',5,'对','错',NULL,NULL,'A',NULL,14,0,'2020-06-11 14:29:13',NULL,1,2,1),(3239,'通过引入CRC校验以及确认和重传机制，使得网络可实现可靠的数据传输。（     ）','通过引入CRC校验以及确认和重传机制，使得网络可实现可靠的数据传输。（     ）',5,'对','错',NULL,NULL,'B',NULL,14,0,'2020-06-11 14:29:13',NULL,1,2,1),(3240,'同一封信发给10个人，用副抄送的方法，只在地址栏中填一个收件人的地址，其余地址填入抄送栏中，发送时，邮件只需上载给邮件服务器一次（     ）','同一封信发给10个人，用副抄送的方法，只在地址栏中填一个收件人的地址，其余地址填入抄送栏中，发送时，邮件只需上载给邮件服务器一次（     ）',5,'对','错',NULL,NULL,'A',NULL,14,0,'2020-06-11 14:29:13',NULL,1,2,1),(3241,'拓扑结构就是网络结点在物理分布和互联关系上的几何构型。（     ）','拓扑结构就是网络结点在物理分布和互联关系上的几何构型。（     ）',5,'对','错',NULL,NULL,'A',NULL,14,0,'2020-06-11 14:29:13',NULL,1,2,1),(3242,'电路交换在数据传送之前必须建立一条完全的通路。（     ）','电路交换在数据传送之前必须建立一条完全的通路。（     ）',5,'对','错',NULL,NULL,'A',NULL,14,0,'2020-06-11 14:29:13',NULL,1,2,1),(3243,'邮件回复中，收件人栏会自动填写,主题栏为空白，需用户填写。 （    ）','邮件回复中，收件人栏会自动填写,主题栏为空白，需用户填写。 （    ）',5,'对','错',NULL,NULL,'B',NULL,14,0,'2020-06-11 14:29:13',NULL,1,2,1),(3244,'在INTERNET上,若将一个电子邮件同时发送到多个地址时,电子邮件地址之间使用分号(即”;”)分隔.(    )','在INTERNET上,若将一个电子邮件同时发送到多个地址时,电子邮件地址之间使用分号(即”;”)分隔.(    )',5,'错','对',NULL,NULL,'B',NULL,14,0,'2020-06-11 14:29:13',NULL,1,2,1),(3245,'在因特网的层次体系结构中，网络层的作用是在收发双方主机中的应用进程之间传输数据','在因特网的层次体系结构中，网络层的作用是在收发双方主机中的应用进程之间传输数据',5,'对','错',NULL,NULL,'B',NULL,14,0,'2020-06-11 14:29:13',NULL,1,2,1),(3246,'TCP/IP可以用于同一主机上不同进程之间的通信','TCP/IP可以用于同一主机上不同进程之间的通信',5,'对','错',NULL,NULL,'A',NULL,14,0,'2020-06-11 14:29:13',NULL,1,2,1),(3247,'TCP/IP是一个工业标准而非国际标准。（     ）','TCP/IP是一个工业标准而非国际标准。（     ）',5,'对','错',NULL,NULL,'A',NULL,14,0,'2020-06-11 14:29:13',NULL,1,2,1),(3248,'半双工与全双工都有两个传输通道。（     ）','半双工与全双工都有两个传输通道。（     ）',5,'对','错',NULL,NULL,'A',NULL,14,0,'2020-06-11 14:29:13',NULL,1,2,1),(3249,'802.3以太网最小传送的帧长度为(        )个字节。','802.3以太网最小传送的帧长度为(        )个字节。',4,NULL,NULL,NULL,NULL,'64_~_',NULL,14,0,'2020-06-11 14:29:13',NULL,4,2,1),(3250,'FDDI是一种(        )网，是1982年ANSI组织X3T9.5委员会制订的高速环形局域网标准，该标准和IEEE802.5十分相似，以（      ）作为传输媒体。','FDDI是一种(        )网，是1982年ANSI组织X3T9.5委员会制订的高速环形局域网标准，该标准和IEEE802.5十分相似，以（      ）作为传输媒体。',4,NULL,NULL,NULL,NULL,'高速令牌环_~_光纤_~_null_~_',NULL,14,0,'2020-06-11 14:29:13',NULL,4,2,1),(3251,'PCM编码过程为(        )、(        )和(        )。','PCM编码过程为(        )、(        )和(        )。',4,NULL,NULL,NULL,NULL,'采样_~_量化_~_编码_~_',NULL,14,0,'2020-06-11 14:29:13',NULL,4,2,1),(3252,'传输层是(        )子网与(        )子网间的桥梁，其作用就是在网络层的基础上完成端对端的差错控制和流量控制，实现两个终端系统间传送的分组无差错、无丢失、无重复、分组顺序无误。','传输层是(        )子网与(        )子网间的桥梁，其作用就是在网络层的基础上完成端对端的差错控制和流量控制，实现两个终端系统间传送的分组无差错、无丢失、无重复、分组顺序无误。',4,NULL,NULL,NULL,NULL,'通信_~_资源_~_',NULL,14,0,'2020-06-11 14:29:13',NULL,4,2,1),(3253,'传输层以上各层协议统称为高层协议，它们主要考虑的问题是(        )之间的协议问题。','传输层以上各层协议统称为高层协议，它们主要考虑的问题是(        )之间的协议问题。',4,NULL,NULL,NULL,NULL,'主机与主机_~_',NULL,14,0,'2020-06-11 14:29:13',NULL,4,2,1),(3254,'电子邮件相关协议主要有(        )、(        )和(        ) 三种。','电子邮件相关协议主要有(        )、(        )和(        ) 三种。',4,NULL,NULL,NULL,NULL,'SMTP_~_POP3_~_IMAP_~_',NULL,14,0,'2020-06-11 14:29:13',NULL,4,2,1),(3255,'对局域网来说网络服务器是网络控制的(        )，一个局域网至少需有一个服务器，特别是一个局域网至少配备一个(        )，没有服务器控制的通信局域，则为(        )。','对局域网来说网络服务器是网络控制的(        )，一个局域网至少需有一个服务器，特别是一个局域网至少配备一个(        )，没有服务器控制的通信局域，则为(        )。',4,NULL,NULL,NULL,NULL,'核心_~_文件服务器_~_对等网_~_',NULL,14,0,'2020-06-11 14:29:13',NULL,4,2,1),(3256,'二进制数据编码技术中的三种主要编码方案是：(        )、(        )和(        )。','二进制数据编码技术中的三种主要编码方案是：(        )、(        )和(        )。',4,NULL,NULL,NULL,NULL,'非归零编码_~_曼彻斯特编码_~_差分曼彻斯特编码_~_',NULL,14,0,'2020-06-11 14:29:13',NULL,4,2,1),(3257,'分组交换的主要任务就是负责系统中分组数据的(        )、(        )、和(        )。','分组交换的主要任务就是负责系统中分组数据的(        )、(        )、和(        )。',4,NULL,NULL,NULL,NULL,'存储_~_转发_~_选择合适的分组传输路径_~_',NULL,14,0,'2020-06-11 14:29:13',NULL,4,2,1),(3258,'根据IP头部的结构，一个IP分组(        )最大可以有(        )字节。','根据IP头部的结构，一个IP分组(        )最大可以有(        )字节。',4,NULL,NULL,NULL,NULL,'包括头部_~_65535_~_',NULL,14,0,'2020-06-11 14:29:13',NULL,4,2,1),(3259,'计算机网络系统是非常复杂的系统，计算机之间相互通信涉及到许多复杂的技术问题，为实现计算机网络通信，实现网络资源共享，计算机网络采用的是对解决复杂问题十分有效的(        )的方法。','计算机网络系统是非常复杂的系统，计算机之间相互通信涉及到许多复杂的技术问题，为实现计算机网络通信，实现网络资源共享，计算机网络采用的是对解决复杂问题十分有效的(        )的方法。',4,NULL,NULL,NULL,NULL,'分层解决问题_~_',NULL,14,0,'2020-06-11 14:29:13',NULL,4,2,1),(3260,'快速以太网是指速度在(        )以上的以太网，采用的是(        )标准。','快速以太网是指速度在(        )以上的以太网，采用的是(        )标准。',4,NULL,NULL,NULL,NULL,'100Mbps_~_IEEE802.3u_~_',NULL,14,0,'2020-06-11 14:29:13',NULL,4,2,1),(3261,'调制解调器是同时具有调制和解调两种功能的设备，它是一种(        )设备。','调制解调器是同时具有调制和解调两种功能的设备，它是一种(        )设备。',4,NULL,NULL,NULL,NULL,'信号交换_~_',NULL,14,0,'2020-06-11 14:29:13',NULL,4,2,1),(3262,'通信系统中，称调制前的电信号为(        )，调制后的信号叫(        )。','通信系统中，称调制前的电信号为(        )，调制后的信号叫(        )。',4,NULL,NULL,NULL,NULL,'基带信号_~_调制信号_~_',NULL,14,0,'2020-06-11 14:29:13',NULL,4,2,1),(3263,'网络层是(        )的最高层，它在(        )提供服务的基础上，向(        )子网提供服务','网络层是(        )的最高层，它在(        )提供服务的基础上，向(        )子网提供服务',4,NULL,NULL,NULL,NULL,'通信子网_~_数据链路层_~_资源_~_',NULL,14,0,'2020-06-11 14:29:13',NULL,4,2,1),(3264,'物理层并不是指连接计算机的具体的物理(        )，或具体的(        )，而是指在物理媒体之上的为上一层(        )提供一个传输原始比特流的物理(        )。','物理层并不是指连接计算机的具体的物理(        )，或具体的(        )，而是指在物理媒体之上的为上一层(        )提供一个传输原始比特流的物理(        )。',4,NULL,NULL,NULL,NULL,'设备_~_传输媒体_~_数据链路层_~_连接_~_',NULL,14,0,'2020-06-11 14:29:13',NULL,4,2,1),(3265,'虚电路服务和数据报服务是(        )向(        )提供的服务，其中虚电路又分为(        )和(        )两大类','虚电路服务和数据报服务是(        )向(        )提供的服务，其中虚电路又分为(        )和(        )两大类',4,NULL,NULL,NULL,NULL,'网络层_~_传输层_~_永久虚电路_~_呼叫虚电路_~_',NULL,14,0,'2020-06-11 14:29:13',NULL,4,2,1),(3266,'(        )是可靠的、面向连接的传输层协议，而(        )是不可靠的无连接的传输层协议。','(        )是可靠的、面向连接的传输层协议，而(        )是不可靠的无连接的传输层协议。',4,NULL,NULL,NULL,NULL,'TCP_~_UDP_~_null_~_null_~_null_~_null_~_',NULL,14,0,'2020-06-11 14:29:13',NULL,4,2,1),(3267,'FTP采用TCP协议进行数据传输，在通信时一般保持两个TCP连接，一个是(        )，一个是(        )。','FTP采用TCP协议进行数据传输，在通信时一般保持两个TCP连接，一个是(        )，一个是(        )。',4,NULL,NULL,NULL,NULL,' 控制连接_~_数据连接_~_',NULL,14,0,'2020-06-11 14:29:13',NULL,4,2,1),(3268,'IP地址 11011011，00001101，00000101，11101ll0用点分十进制表示可写为(        ) 。','IP地址 11011011，00001101，00000101，11101ll0用点分十进制表示可写为(        ) 。',4,NULL,NULL,NULL,NULL,'219.13.5.238_~_',NULL,14,0,'2020-06-11 14:29:13',NULL,4,2,1),(3269,'Outlook等常用电子邮件软件接收邮件使用的协议是(        )，发送邮件时使用的协议是(        )。','Outlook等常用电子邮件软件接收邮件使用的协议是(        )，发送邮件时使用的协议是(        )。',4,NULL,NULL,NULL,NULL,'POP3    _~_ SMTP  _~_',NULL,14,0,'2020-06-11 14:29:13',NULL,4,2,1),(3270,'按照IPV4标准,IP地址205.3.127.13属于(        )类地址。','按照IPV4标准,IP地址205.3.127.13属于(        )类地址。',4,NULL,NULL,NULL,NULL,'C_~_',NULL,14,0,'2020-06-11 14:29:13',NULL,4,2,1),(3271,'差错控制技术常采用冗余编码方案，常用的两种校验码是(        )和(        )','差错控制技术常采用冗余编码方案，常用的两种校验码是(        )和(        )',4,NULL,NULL,NULL,NULL,'奇偶校验_~_循环冗余码校验_~_',NULL,14,0,'2020-06-11 14:29:13',NULL,4,2,1),(3272,'传输层的面向连接的服务与网络服务类似，可分为三个阶段：(        )、(         )和(             )。','传输层的面向连接的服务与网络服务类似，可分为三个阶段：(        )、(         )和(             )。',4,NULL,NULL,NULL,NULL,'建立连接_~_数据传输_~_释放连接_~_',NULL,14,0,'2020-06-11 14:29:13',NULL,4,2,1),(3273,'分组交换也存在一些缺点，如：分组交换在各节点存储转发时因排队而造成一定的(        )，由于分组数据中必须携带一些控制信息而产生一定的(        )，分组交换网的管理和控制比较复杂。','分组交换也存在一些缺点，如：分组交换在各节点存储转发时因排队而造成一定的(        )，由于分组数据中必须携带一些控制信息而产生一定的(        )，分组交换网的管理和控制比较复杂。',4,NULL,NULL,NULL,NULL,'延时_~_额外开销_~_',NULL,14,0,'2020-06-11 14:29:13',NULL,4,2,1),(3274,'复盖一个国家，地区或几个洲的计算机网络称为(        )，在同一建筑或复盖几公里内范围的网络称为(        ) ，而介于两者之间的是(        )。','复盖一个国家，地区或几个洲的计算机网络称为(        )，在同一建筑或复盖几公里内范围的网络称为(        ) ，而介于两者之间的是(        )。',4,NULL,NULL,NULL,NULL,'广域网_~_局域网_~_城域网_~_',NULL,14,0,'2020-06-11 14:29:13',NULL,4,2,1),(3275,'互连网中，域名是对IP地址的命名，它采用(        )结构，通常最高域名为(        )。如CN代表(        )；次高域名常用于标识行业，如COM代表(        )，EDU代表(        )。','互连网中，域名是对IP地址的命名，它采用(        )结构，通常最高域名为(        )。如CN代表(        )；次高域名常用于标识行业，如COM代表(        )，EDU代表(        )。',4,NULL,NULL,NULL,NULL,'层次_~_国家名_~_中国_~_商业_~_教育_~_',NULL,14,0,'2020-06-11 14:29:13',NULL,4,2,1),(3276,'计算机内传输的信号是(        )，而公用电话系统的传输系统只能传输(        )','计算机内传输的信号是(        )，而公用电话系统的传输系统只能传输(        )',4,NULL,NULL,NULL,NULL,'数字信号_~_模拟信号_~_',NULL,14,0,'2020-06-11 14:29:13',NULL,4,2,1),(3277,'计算机网络采用(        )技术，而传统电话网络则采用(        )技术。','计算机网络采用(        )技术，而传统电话网络则采用(        )技术。',4,NULL,NULL,NULL,NULL,'分组交换_~_电路交换_~_',NULL,14,0,'2020-06-11 14:29:13',NULL,4,2,1),(3278,'计算机网络的通信子网中，一般有3种数据交换技术，分别是(        )、(        )、(        )。','计算机网络的通信子网中，一般有3种数据交换技术，分别是(        )、(        )、(        )。',4,NULL,NULL,NULL,NULL,'电路交换_~_报文交换_~_分组交换_~_null_~_null_~_null_~_',NULL,14,0,'2020-06-11 14:29:13',NULL,4,2,1),(3279,'模拟信号的波形一般具有(        )、(        )、(        )3个特征。','模拟信号的波形一般具有(        )、(        )、(        )3个特征。',4,NULL,NULL,NULL,NULL,'频率_~_振幅_~_相位_~_',NULL,14,0,'2020-06-11 14:29:13',NULL,4,2,1),(3280,'目前用于网络互连的设备主要有(        )、(        )、(        )、(        )等。','目前用于网络互连的设备主要有(        )、(        )、(        )、(        )等。',4,NULL,NULL,NULL,NULL,'中继器_~_集线器_~_网桥_~_路由器_~_',NULL,14,0,'2020-06-11 14:29:13',NULL,4,2,1),(3281,'收发电子邮件，属于ISO/OSI RM中(        )层的功能。','收发电子邮件，属于ISO/OSI RM中(        )层的功能。',4,NULL,NULL,NULL,NULL,'应用_~_',NULL,14,0,'2020-06-11 14:29:13',NULL,4,2,1),(3282,'数据通信系统中一般将数据分为(        )和(        )。','数据通信系统中一般将数据分为(        )和(        )。',4,NULL,NULL,NULL,NULL,'模拟数据_~_数字数据_~_',NULL,14,0,'2020-06-11 14:29:13',NULL,4,2,1),(3283,'网络中的时延有(        )、(        )、(        )、(        )四部分组成。','网络中的时延有(        )、(        )、(        )、(        )四部分组成。',4,NULL,NULL,NULL,NULL,'发送时延_~_传播时延_~_排队时延_~_处理时延_~_null_~_null_~_',NULL,14,0,'2020-06-11 14:29:13',NULL,4,2,1),(3284,'网桥也称桥接器，它是(        )层上局域网之间的互连设备。网桥同中继器不同，网桥处理的是一个完整的(        )，并使用和计算机相同的接口设备。','网桥也称桥接器，它是(        )层上局域网之间的互连设备。网桥同中继器不同，网桥处理的是一个完整的(        )，并使用和计算机相同的接口设备。',4,NULL,NULL,NULL,NULL,'数据链路_~_帧_~_',NULL,14,0,'2020-06-11 14:29:13',NULL,4,2,1),(3285,'信号一般有（      ）和（      ）两种表示方式。其中(        )是一种离散的信号，而(        )是一种连续变化的信号。','信号一般有（      ）和（      ）两种表示方式。其中(        )是一种离散的信号，而(        )是一种连续变化的信号。',4,NULL,NULL,NULL,NULL,'模拟信号_~_数字信号_~_数字信号_~_模拟信号_~_',NULL,14,0,'2020-06-11 14:29:13',NULL,4,2,1),(3286,'中继器是运行在OSI模型的(        )层上的。它扩展了网络传输的(        )，是最简单的网络互连产品。','中继器是运行在OSI模型的(        )层上的。它扩展了网络传输的(        )，是最简单的网络互连产品。',4,NULL,NULL,NULL,NULL,'物理_~_距离_~_',NULL,14,0,'2020-06-11 14:29:13',NULL,4,2,1),(3287,'一般的BBS站点都提供两种浏览方式：(        )和(        )。','一般的BBS站点都提供两种浏览方式：(        )和(        )。',4,NULL,NULL,NULL,NULL,'WWW_~_Telnet_~_',NULL,14,0,'2020-06-11 14:29:13',NULL,4,2,1),(3288,'应用层是向网络的使用者提供一个有效和方便的(        )。','应用层是向网络的使用者提供一个有效和方便的(        )。',4,NULL,NULL,NULL,NULL,'网络应用环境_~_',NULL,14,0,'2020-06-11 14:29:13',NULL,4,2,1),(3289,'在常见的端口地址中，80对应(        )协议，20和21对应(        )协议，23对应(        )协议。','在常见的端口地址中，80对应(        )协议，20和21对应(        )协议，23对应(        )协议。',4,NULL,NULL,NULL,NULL,'HTTP_~_FTP_~_TELNET_~_',NULL,14,0,'2020-06-11 14:29:13',NULL,4,2,1),(3290,'将主机名转换成IP地址，要使用(        )协议，将IP地址转换成MAC地址，要使用(        )协议。','将主机名转换成IP地址，要使用(        )协议，将IP地址转换成MAC地址，要使用(        )协议。',4,NULL,NULL,NULL,NULL,'DNS_~_ARP_~_null_~_null_~_null_~_null_~_',NULL,14,0,'2020-06-11 14:29:13',NULL,4,2,1),(3291,'网络互联的目的是实现更广泛的(        )。','网络互联的目的是实现更广泛的(        )。',4,NULL,NULL,NULL,NULL,'资源共享_~_',NULL,14,0,'2020-06-11 14:29:13',NULL,4,2,1),(3292,'在 TCP/IP 层次模型的第三层 ( 网络层 ) 中包括的协议主要有 IP 、 ICMP 、（       ）及(       )。','在 TCP/IP 层次模型的第三层 ( 网络层 ) 中包括的协议主要有 IP 、 ICMP 、（       ）及(       )。',4,NULL,NULL,NULL,NULL,'ARP_~_ RARP_~_',NULL,14,0,'2020-06-11 14:29:13',NULL,4,2,1),(3293,'(         )是一个简单的远程终端协议。','(         )是一个简单的远程终端协议。',4,NULL,NULL,NULL,NULL,'TELNET_~_',NULL,14,0,'2020-06-11 14:29:13',NULL,4,2,1),(3294,'ICMP通常被认为是(        )层的协议。','ICMP通常被认为是(        )层的协议。',4,NULL,NULL,NULL,NULL,' 网络   _~_',NULL,14,0,'2020-06-11 14:29:13',NULL,4,2,1),(3295,'Internet广泛使用的电子邮件传送协议是(        )。','Internet广泛使用的电子邮件传送协议是(        )。',4,NULL,NULL,NULL,NULL,'SMTP_~_',NULL,14,0,'2020-06-11 14:29:13',NULL,4,2,1),(3296,'Internet网所采用的协议是(        )，其前身是(        )。','Internet网所采用的协议是(        )，其前身是(        )。',4,NULL,NULL,NULL,NULL,'TCP/IP_~_ARPANET_~_',NULL,14,0,'2020-06-11 14:29:13',NULL,4,2,1),(3297,'IP地址分(        )和(        )两个部分。','IP地址分(        )和(        )两个部分。',4,NULL,NULL,NULL,NULL,'网络号_~_主机号_~_',NULL,14,0,'2020-06-11 14:29:13',NULL,4,2,1),(3298,'IP地址是INTERNET中识别主机的唯一标识。为了便于记忆，在INTERNET中报IP地址分成(        )组，每组(        )位，组与组之间用(        )分隔开。','IP地址是INTERNET中识别主机的唯一标识。为了便于记忆，在INTERNET中报IP地址分成(        )组，每组(        )位，组与组之间用(        )分隔开。',4,NULL,NULL,NULL,NULL,'4_~_8_~_._~_',NULL,14,0,'2020-06-11 14:29:13',NULL,4,2,1),(3299,'IP地址协议作网间网中(        )层协议，提供无连接的数据报传输机制，IP数据报也分为(        )和(        )两个部分。','IP地址协议作网间网中(        )层协议，提供无连接的数据报传输机制，IP数据报也分为(        )和(        )两个部分。',4,NULL,NULL,NULL,NULL,'网络_~_报头_~_数据区_~_',NULL,14,0,'2020-06-11 14:29:13',NULL,4,2,1),(3300,'IP地址长度在IPv4中为(        )比特，在IPV6中，IP地址将达到(        )位','IP地址长度在IPv4中为(        )比特，在IPV6中，IP地址将达到(        )位',4,NULL,NULL,NULL,NULL,'32_~_128_~_null_~_null_~_null_~_null_~_',NULL,14,0,'2020-06-11 14:29:13',NULL,4,2,1),(3301,'ISO组织提出的物理层四个技术特性是(        )、(        )、(        )和(        )。','ISO组织提出的物理层四个技术特性是(        )、(        )、(        )和(        )。',4,NULL,NULL,NULL,NULL,'机械特性_~_电气特性_~_功能特性_~_规程特性_~_',NULL,14,0,'2020-06-11 14:29:13',NULL,4,2,1),(3302,'MAC地址，又称为物理地址、硬件地址，共有(        )位，一般由12个(        )进制数据表示。','MAC地址，又称为物理地址、硬件地址，共有(        )位，一般由12个(        )进制数据表示。',4,NULL,NULL,NULL,NULL,'48_~_十六_~_null_~_null_~_null_~_null_~_',NULL,14,0,'2020-06-11 14:29:13',NULL,4,2,1),(3303,'OSI模型有 (        ). (        ). (        ). 运输层. 会话层. 表示层和应用层七个层次。','OSI模型有 (        ). (        ). (        ). 运输层. 会话层. 表示层和应用层七个层次。',4,NULL,NULL,NULL,NULL,'物理层_~_数据链路层_~_网络层_~_',NULL,14,0,'2020-06-11 14:29:13',NULL,4,2,1),(3304,'TCP协议的80端口由因特网的(        )协议使用。','TCP协议的80端口由因特网的(        )协议使用。',4,NULL,NULL,NULL,NULL,'HTTP_~_null_~_null_~_null_~_null_~_null_~_',NULL,14,0,'2020-06-11 14:29:13',NULL,4,2,1),(3305,'WWW采用的是(        )的工作模式。','WWW采用的是(        )的工作模式。',4,NULL,NULL,NULL,NULL,'客户机/服务器_~_',NULL,14,0,'2020-06-11 14:29:13',NULL,4,2,1),(3306,'按照覆盖的地理范围，计算机网络可以分为(        )、(        )和(        )。','按照覆盖的地理范围，计算机网络可以分为(        )、(        )和(        )。',4,NULL,NULL,NULL,NULL,'局域网_~_城域网_~_广域网_~_',NULL,14,0,'2020-06-11 14:29:13',NULL,4,2,1),(3307,'常见的有线传输介质有(        )、(        )和(        )。','常见的有线传输介质有(        )、(        )和(        )。',4,NULL,NULL,NULL,NULL,'双绞线_~_同轴电缆_~_光纤 _~_',NULL,14,0,'2020-06-11 14:29:13',NULL,4,2,1),(3308,'串行数据通信的方向性结构有三种，即单工、(        )和(        )。','串行数据通信的方向性结构有三种，即单工、(        )和(        )。',4,NULL,NULL,NULL,NULL,'半双工_~_全双工_~_',NULL,14,0,'2020-06-11 14:29:13',NULL,4,2,1),(3309,'定义TCP/IP 标准的文档被称为(        )。','定义TCP/IP 标准的文档被称为(        )。',4,NULL,NULL,NULL,NULL,'RFC_~_',NULL,14,0,'2020-06-11 14:29:13',NULL,4,2,1),(3310,'多路复用技术一般有(        )、(        )、(        )和(        ) 。','多路复用技术一般有(        )、(        )、(        )和(        ) 。',4,NULL,NULL,NULL,NULL,'频分_~_时分_~_波分_~_码分 _~_null_~_null_~_',NULL,14,0,'2020-06-11 14:29:13',NULL,4,2,1),(3311,'计算机网络的主要功能包括(        )和(        )。','计算机网络的主要功能包括(        )和(        )。',4,NULL,NULL,NULL,NULL,'数据通信_~_资源共享_~_',NULL,14,0,'2020-06-11 14:29:13',NULL,4,2,1),(3312,'计算机网络在逻辑功能上可以划分为(        )子网和(        )子网两个部份。','计算机网络在逻辑功能上可以划分为(        )子网和(        )子网两个部份。',4,NULL,NULL,NULL,NULL,'资源_~_通信_~_',NULL,14,0,'2020-06-11 14:29:13',NULL,4,2,1),(3313,'将数字信号调制为模拟信号有三种方式，即(        )、(        )、(        )。','将数字信号调制为模拟信号有三种方式，即(        )、(        )、(        )。',4,NULL,NULL,NULL,NULL,'调幅_~_调频_~_调相_~_',NULL,14,0,'2020-06-11 14:29:13',NULL,4,2,1),(3314,'局域网使用的三种典型拓朴结构是（          ）、（         ）和 (        )。','局域网使用的三种典型拓朴结构是（          ）、（         ）和 (        )。',4,NULL,NULL,NULL,NULL,'星型_~_环形_~_总线型_~_',NULL,14,0,'2020-06-11 14:29:13',NULL,4,2,1),(3315,'双绞线一般按是否有屏蔽层分为(        )和(        )两大类。','双绞线一般按是否有屏蔽层分为(        )和(        )两大类。',4,NULL,NULL,NULL,NULL,'屏蔽双绞线_~_非屏蔽双绞线_~_null_~_null_~_null_~_null_~_',NULL,14,0,'2020-06-11 14:29:13',NULL,4,2,1),(3316,'网络协议的三要素是（          ）、（         ）和 (        )。','网络协议的三要素是（          ）、（         ）和 (        )。',4,NULL,NULL,NULL,NULL,'语法_~_语义_~_时序_~_null_~_null_~_null_~_',NULL,14,0,'2020-06-11 14:29:13',NULL,4,2,1),(3317,'协议就是为实现网络中的数据交换而建立的(        )或(        )。','协议就是为实现网络中的数据交换而建立的(        )或(        )。',4,NULL,NULL,NULL,NULL,'规则_~_标准_~_',NULL,14,0,'2020-06-11 14:29:13',NULL,4,2,1),(3318,'在TCP/IP层次模型中与OSI参考模型第四层相对应的主要协议有(        ) 和(        ) ，其中后者提供无连接的不可靠传输服。','在TCP/IP层次模型中与OSI参考模型第四层相对应的主要协议有(        ) 和(        ) ，其中后者提供无连接的不可靠传输服。',4,NULL,NULL,NULL,NULL,'TCP_~_UDP_~_',NULL,14,0,'2020-06-11 14:29:13',NULL,4,2,1),(3319,'某网络上连接的所有主机，都得到“Request time out”的显示输出，检查本地主机配置和IP地址：202.117.34.35，子网掩码为255.255.0.0，默认网关为202.117.34.1，请问问题可能出在哪里？','某网络上连接的所有主机，都得到“Request time out”的显示输出，检查本地主机配置和IP地址：202.117.34.35，子网掩码为255.255.0.0，默认网关为202.117.34.1，请问问题可能出在哪里？',2,NULL,NULL,NULL,NULL,'因为由ip地址202.117.34.35得知网络是C类网络，子网掩码的问题（255.255.255.0）。子网掩码应为255.255.255.0。按原配置，本地主机会被网关认为不在同一子网中，这样网关将不会转发任何发送给本地主机的信息。',NULL,14,0,'2020-06-11 14:29:13',NULL,6,2,1),(3320,'组建一个小型对等局域网的物理连接过程中，需要哪些硬件？用五类UTP制作直通线和交叉线时，连线顺序有什么不同？两种线各有什么用处？','组建一个小型对等局域网的物理连接过程中，需要哪些硬件？用五类UTP制作直通线和交叉线时，连线顺序有什么不同？两种线各有什么用处？',2,NULL,NULL,NULL,NULL,'计算机，带有RJ-45接口的网卡，5类UTP，RJ-45水晶头，压线钳，通断测试仪，集线器或交换机。直通线两头接线顺序都用568B标准：橙白，橙，绿白，蓝，蓝白，绿，棕白，棕。交叉线两头一边用568A标准另一边用568B标准，1 2和3 6有交叉。直通线用于计算机与集线器或交换机相连，而交叉线用于集线器与集线器或集线器与交换机相连。',NULL,14,0,'2020-06-11 14:29:13',NULL,6,2,1),(3321,'写出一台计算机访问www.microsoft.com的DNS解析过程。','写出一台计算机访问www.microsoft.com的DNS解析过程。',2,NULL,NULL,NULL,NULL,'首先查看当前计算机的DNS缓存里有没有www.microsoft.com这条记录；如果没有，再查看当前计算机的“hosts”文件，“hosts”文件位于C:\\WINDOWS\\system32\\drivers\\etc\\目录当中；如果hosts文件中没有，就接着查找当前DNS服务器里有没有www.microsoft.com这条记录；如果还是没有，看当前的DNS服务器有没有配置DNS转发器，如果配置了DNS转发器就查找它的上一级DNS服务器，如果没有配置DNS转发器，就直接查找DNS“根”服务器。查找到DNS“根”服务器后，“根”服务器将DNS请求转到“.com”域中，“.com”域再将请求转到“Microsoft”域中，然后在“Microsoft”域查找www的A记录，这样一个DNS解析过程就完成了。',NULL,14,0,'2020-06-11 14:29:13',NULL,6,2,1),(3322,'ARP协议的功能是什么？假设主机1和主机2处于同一局域网（主机1的IP地址是172.16.22.101，主机2的IP地址是172.16.22.110），简述主机1使用ARP协议解析主机2的物理地址的工作过程','ARP协议的功能是什么？假设主机1和主机2处于同一局域网（主机1的IP地址是172.16.22.101，主机2的IP地址是172.16.22.110），简述主机1使用ARP协议解析主机2的物理地址的工作过程',2,NULL,NULL,NULL,NULL,'当主机1要向主机2发送数据之前，必须解析出主机2的物理地址，解析过程如下：主机1发送一个广播帧（带有ARP报文）到以太网，该ARP报文大致意思是：“我的IP地址是172.16.22.101，谁的IP地址为172.16.22.110？请告诉我你的物理地址。”（2分）这个广播帧会传到以太网的所有机器，每个机器在收到广播帧后，都会去查看自己的IP地址。（2分）但是只有IP地址为172.16.22.110的主机2会返回主机1一个ARP响应报文，其中包含了主机2的物理地址（设为E2）。这样主机1就知道了IP地址为172.16.22.110的主机所对应的物理地址为E2.随后就可以向主机2发送数据。',NULL,14,0,'2020-06-11 14:29:13',NULL,6,2,1),(3323,'为什么要引入域名解析？简单叙述访问站点www.ecjtu.jx.cn的工程中，DNS的域名解析过程。（设www.ecjtu.jx.cn的IP地址为：202.101.208.10,DNS地址：202.101.208.3）','为什么要引入域名解析？简单叙述访问站点www.ecjtu.jx.cn的工程中，DNS的域名解析过程。（设www.ecjtu.jx.cn的IP地址为：202.101.208.10,DNS地址：202.101.208.3）',2,NULL,NULL,NULL,NULL,'域名解析是为了解决数字化的IP地址不便于记忆的问题而引入的一种层次型命名机制，完成名字---地址的映射。访问www.ecjtu.jx.cn的域名解析过程：1）在浏览器地址栏输入地址www.ecjtu.jx.cn ; 2)先在本机域名解析的缓存中查找该域名，若找到则可以立即获取对用的IP地址；3）若不在本机缓存中则向本地DNS服务器（202.101.208.3）发送IP报文，请求解析该域名，DNS收到请求后查找自己的缓存及其映射表，若查到则发送响应报文给发送请求的主机，若没有找到则向上级DNS服务器提出请求，知道解析成功或返回错误信息。',NULL,14,0,'2020-06-11 14:29:13',NULL,6,2,1),(3324,'把十六进制的IP地址C22F1588转换成用点分割的十进制形式，并说明该地址属于哪类网络地址，以及该种类型地址的每个子网最多可能包含多少台主机。  ','把十六进制的IP地址C22F1588转换成用点分割的十进制形式，并说明该地址属于哪类网络地址，以及该种类型地址的每个子网最多可能包含多少台主机。  ',2,NULL,NULL,NULL,NULL,'（1）194.47.21.136 ;（2）C型（3）254台主机。',NULL,14,0,'2020-06-11 14:29:13',NULL,6,2,1),(3325,'简要说明电路交换和存储器转发交换这两面种交换方式，并加以比较','简要说明电路交换和存储器转发交换这两面种交换方式，并加以比较',2,NULL,NULL,NULL,NULL,'A. 电路交换是一种直接的交换方式，它为一对需要进行通信的装置（站）之间提供一条临时的专用通道，即提供一条专用的传输通道，即可是物理通道又可是逻辑通道（使用时分或频分复用技术）。这条通道是由节点内部电路对节点间传输路径经过适当选择、连接而完成的，由多个节点和多条节点间传输路径组成的链路，例如，目前公用电话网广泛使用的交换方式是电路交换。（2分）\nB．存储转发交换方式又可以分为报文存储转发交换与报文分组存储转发交换，报文分组存储转发交换方式又可以分为数据报与虚电路方式。分组交换属于“存储转发”交换方式，但它不像报文交换那样以报文为单位进行交换、传输，而是以更短的、标准的“报文分组”（packet）为单位进行交换传输。分组经过通信网络到达终点有2种方法：虚电路和数据报。（2分）\nC．与电路交换相比，报文交换方式不要求交换网为通信双方预先建立，条专用的数据通路，因此就不存在建立电路和拆除电路的过程。',NULL,14,0,'2020-06-11 14:29:13',NULL,6,2,1),(3326,'试简述主机1（IP地址为192.168.25.1，MAC地址为 E1）向主机2（IP地址为192.168.25.2，MAC地址为E2）发送数据时ARP 协议的工作过程（主机1、主机2在同一个子网内）。','试简述主机1（IP地址为192.168.25.1，MAC地址为 E1）向主机2（IP地址为192.168.25.2，MAC地址为E2）发送数据时ARP 协议的工作过程（主机1、主机2在同一个子网内）。',2,NULL,NULL,NULL,NULL,'（1）当主机1要向主机2发送数据时，必须知道主机2的MAC地址，为此，先根据主机2的IP地址在本机的ARP缓冲表内查找，如找到E2，则把E2填到MAC帧中，并把数据发送给主机2；（2）如果在本机的ARP缓冲表内找不到主机2的MAC地址，则主机1产生一个ARP询问包，其中包含主机1的IP地址，MAC地址E1，主机2的IP地址，并广播到网络上询问有谁知道主机2的MAC地址；（3）主机2收到ARP询问包后，根据询问者的IP和MAC地址E1立即向主机1回送一个ARP响应包，其中包含主机1的IP地址，MAC地址E1，主机2的IP地址和MAC地址E2，从而主机1获得了主机2的MAC地址E2，进而可向主机2发送数据。',NULL,14,0,'2020-06-11 14:29:13',NULL,6,2,1),(3327,'将某C 网192.168.25.0划分成4个子网，请计算出每个子网的有效的IP地址范围和对应的网络掩码（掩码用二进制表示）。','将某C 网192.168.25.0划分成4个子网，请计算出每个子网的有效的IP地址范围和对应的网络掩码（掩码用二进制表示）。',2,NULL,NULL,NULL,NULL,'（1） 子网1的有效IP地址范围为： 192.168.25.1 ~ 192.168.25.63     \n子网1的网络掩码为：11111111.11111111.11111111.1100000      \n（2） 子网2的有效IP地址范围为： 192.168.25.65 ~ 192.168.25.126  \n子网2的网络掩码为：11111111.11111111.11111111.11000000\n（3） 子网3的有效IP地址范围为： 192.168.25.129 ~ 192.168.25.190  \n子网3的网络掩码为：11111111.11111111.11111111.11000000\n（4） 子网4的有效IP地址范围为： 192.168.25.193 ~ 192.168.25.254  \n子网4的网络掩码为：11111111.11111111.11111111.11000000',NULL,14,0,'2020-06-11 14:29:13',NULL,6,2,1),(3328,'判定下列IP地址的类型，属于A、B、C的哪一类\n1)131.109.54.1  (     )  2) 78.34.6.90   (     )  3) 220.103.9.56  (     )  4) 19.5.91.245  (     )  5) 129.9.234.52 (     )  6) 125.78.6.2   (     )  7) 192.168.1.2   (     )  8) 10.10.37.1    (     )','判定下列IP地址的类型，属于A、B、C的哪一类\n1)131.109.54.1  (     )  2) 78.34.6.90   (     )  3) 220.103.9.56  (     )  4) 19.5.91.245  (     )  5) 129.9.234.52 (     )  6) 125.78.6.2   (     )  7) 192.168.1.2   (     )  8) 10.10.37.1    (     )',2,NULL,NULL,NULL,NULL,'B、A、C、A、B、A、C、A ',NULL,14,0,'2020-06-11 14:29:13',NULL,6,2,1),(3329,'计算机中网卡工作在TCP/IP的哪一层次？网卡的功能有哪些？','计算机中网卡工作在TCP/IP的哪一层次？网卡的功能有哪些？',2,NULL,NULL,NULL,NULL,'网卡工作在TCP/IP的数据链路层。\n网卡的功能如下：\n进行数据传输的串行/并行转换，\n对数据进行缓存，\n在计算机的操作系统安装设备驱动程序，\n实现以太网协议。\n',NULL,14,0,'2020-06-11 14:29:13',NULL,6,2,1),(3330,'网络互连设备主要有那几种？它们分别工作在OSI的那一层？存储转发的数据单位是什么？','网络互连设备主要有那几种？它们分别工作在OSI的那一层？存储转发的数据单位是什么？',2,NULL,NULL,NULL,NULL,'网络互连设备主要有中继器、交换机、路由器、网关。中继器工作在物理层，存储转发的是位（Bit）信息。交换机工作在数据链路层，存储转发的是帧信息。路由器工作在网络层，存储转发的是分组信息。网关工作在传输层或传输层之上，存储转发的是报文信息。',NULL,14,0,'2020-06-11 14:29:13',NULL,6,2,1),(3331,'列出你经常使用的网络可能会存在哪些安全威胁。','列出你经常使用的网络可能会存在哪些安全威胁。',2,NULL,NULL,NULL,NULL,'对通信或其他资源的破坏；\n对信息的滥用、讹用或篡改；\n信息或其他资源的被窃，删除或丢失；\n信息的泄露；\n系统服务的中断和禁止。',NULL,14,0,'2020-06-11 14:29:13',NULL,6,2,1),(3332,'列举网络中经常使用的命令。','列举网络中经常使用的命令。',2,NULL,NULL,NULL,NULL,'Ping:测试两台主机之间的连通性\nTrancert:跟踪路由；\nIpconfig:查看TCP/IP等的设置。',NULL,14,0,'2020-06-11 14:29:13',NULL,6,2,1),(3333,'列举网络中三种地址，它们一般写成什么形式，并举例。','列举网络中三种地址，它们一般写成什么形式，并举例。',2,NULL,NULL,NULL,NULL,'MAC地址：在数据链路层，用48位二进制表示，一般写成12位十六进制的形式；（例：E0-05-E5-C5-EC-F2）\nIP地址：在网络层，用32位二进制表示，一般写成点分十进制的形式；\n（例：192.168.1.2）\n端口号：在传输层，用16位二进制表示。（例：80）',NULL,14,0,'2020-06-11 14:29:13',NULL,6,2,1),(3334,'简述共享式集线器（HUB）与交换机（SWITCH）的异同点。','简述共享式集线器（HUB）与交换机（SWITCH）的异同点。',2,NULL,NULL,NULL,NULL,'（1）在OSI参考模型中工作的层次不同：HUB一般工作在物理层，交换机工作在数据链路层或网络层。\n（2）数据传输方式不同：HUB的所有设备在同一冲突域和同一广播域，采用的数据传输方式是广播方式，容易产生广播风暴；交换机的数据传输是有目的的，数据在发送方与接受方之间进行掂对点的传送，数据传输效率提高，不会出现广播风暴，在安全性方面也不会出现其他节点侦听的现象。\n（3）带宽占用方式不同：HUB的所有端口共享总带宽，而交换机的每个端口都有自己的带宽。\n（4）传输模式不同：HUB只能采用半双工方式进行传输，交换机既可采用半双工也可采用全双工。',NULL,14,0,'2020-06-11 14:29:13',NULL,6,2,1),(3335,'找出下列不能分配给主机的IP地址，并说明原因A．131.107.256.80　　B．231.222.0.11  C．126.1.0.0　　D．198.121.254.255  E．202.117.34.32','找出下列不能分配给主机的IP地址，并说明原因A．131.107.256.80　　B．231.222.0.11  C．126.1.0.0　　D．198.121.254.255  E．202.117.34.32',2,NULL,NULL,NULL,NULL,'A．第三个数256是非法值，每个数字都不能大于255\nB．第一个数231是保留给组播的地址，不能用于主机地址\nC．以全0结尾的IP地址是网络地址，不能用于主机地址\nD．以全1结尾的IP地址是广播地址，不能用于主机地址',NULL,14,0,'2020-06-11 14:29:13',NULL,6,2,1),(3336,'简述CSMA/CD的工作原理。','简述CSMA/CD的工作原理。',2,NULL,NULL,NULL,NULL,'发送前先监听信道是否空闲，若空闲则立即发送；如果信道忙，则继续监听，一旦空闲就立即发送；在发送过程中，仍需继续监听。若监听到冲突，则立即停止发送数据，然后发送一串干扰信号（Jam）；发送Jam信号的目的是强化冲突，以便使所有的站点都能检测到发生了冲突。等待一段随机时间（称为退避）以后，再重新尝试。归结为四句话：发前先听，空闲即发送，边发边听，冲突时退避。',NULL,14,0,'2020-06-11 14:29:13',NULL,6,2,1),(3337,'交换式局域网和共享式局域网的区别在哪？','交换式局域网和共享式局域网的区别在哪？',2,NULL,NULL,NULL,NULL,'传统的局域网一般是共享总线带宽，若是共享10M 的局域网，有5 个用户，则每个用户平均分得的带宽最多为2M。这样，对于带宽要求比较高的多媒体应用，如视频会议、视频点播等，这种网络将难以胜任。交换式局域网则改变了这种状况，它利用中央交换器，使得每个接入的链路都能得到带宽保证，典型的交换器总频带可达千兆位，比现有的共享介质局域网的速度提高2 个数量级，可充分保证达数据量多媒体应用的带宽要求。',NULL,14,0,'2020-06-11 14:29:13',NULL,6,2,1),(3338,'判定下列IP 地址中哪些是无效的，并说明其无效的原因。\n131.255.255.18  127.21.19.109   220.103.256.56  240.9.12.12   192.5.91.255  129.9.255.254  10.255.255.254','判定下列IP 地址中哪些是无效的，并说明其无效的原因。\n131.255.255.18  127.21.19.109   220.103.256.56  240.9.12.12   192.5.91.255  129.9.255.254  10.255.255.254',2,NULL,NULL,NULL,NULL,'131.255.255.18 (有效）  127.21.19.109（无效-127 为测试保留） 220.103.256.56（无效-八位组的最高值为255） 240.9.12.12（无效-C 类地址的最高值为223）  192.5.91.255（无效- 255 用于广播地址）\n129.9.255.254（有效）  10.255.255.254（有效）',NULL,14,0,'2020-06-11 14:29:13',NULL,6,2,1),(3339,' 什么是计算机网络？',' 什么是计算机网络？',2,NULL,NULL,NULL,NULL,'将地理位置不同的、具有独立功能的计算机，或由计算机控制的外部设备，通过通信设备和线路连接起来，在网络操作系统的控制下，按照约定的通信协议进行信息交换，实现资源共享的系统成为计算机网络。',NULL,14,0,'2020-06-11 14:29:13',NULL,6,2,1),(3340,'常见的网络拓扑结构有哪些？','常见的网络拓扑结构有哪些？',2,NULL,NULL,NULL,NULL,'总线型、环形、星形、树形、网状',NULL,14,0,'2020-06-11 14:29:13',NULL,6,2,1),(3341,'什么是单工、半双工和全双工通信方式？举出你所知道的例子。','什么是单工、半双工和全双工通信方式？举出你所知道的例子。',2,NULL,NULL,NULL,NULL,'单工：是单方向传输数据，不能反向传输。（例：听广播）\n半双工：既可单方向传输数据，也可以反方向传输，但不能同时进行。（例：对讲机）\n全双工：可以在两个不同的方向同时发送和接收数据。（例：手机）\n',NULL,14,0,'2020-06-11 14:29:13',NULL,6,2,1),(3342,' OSI参考模型分为几层，分别是什么？',' OSI参考模型分为几层，分别是什么？',2,NULL,NULL,NULL,NULL,'七层：物理层、数据链路层、网络层、传输层、会话层、表示层、应用层',NULL,14,0,'2020-06-11 14:29:13',NULL,6,2,1),(3343,'什么是网络协议，网络协议的三要素是什么？','什么是网络协议，网络协议的三要素是什么？',2,NULL,NULL,NULL,NULL,'语法，即数据与控制信息的结构或格式。\n语义，即需要发出何种控制信息，完成何种动作以及做出何种响应。\n时序，即事件实现顺序的详细说明。',NULL,14,0,'2020-06-11 14:29:13',NULL,6,2,1),(3344,'列出你经常使用的网络可能会存在哪些安全威胁。','列出你经常使用的网络可能会存在哪些安全威胁。',2,NULL,NULL,NULL,NULL,'对通信或其他资源的破坏；\n对信息的滥用、讹用或篡改；\n信息或其他资源的被窃，删除或丢失；\n信息的泄露；\n系统服务的中断和禁止。',NULL,14,0,'2020-06-11 14:29:13',NULL,6,2,1),(3345,'简要说明TCP／IP参考模型五个层次的名称(从下往上)?各层的信息传输格式?各层使用的设备是什么?(最低三层)','简要说明TCP／IP参考模型五个层次的名称(从下往上)?各层的信息传输格式?各层使用的设备是什么?(最低三层)',2,NULL,NULL,NULL,NULL,'A．物理层    链路层    网络层    运输层    应用层\nB．比特流  帧  包(报文分组)    报文\nC．中继器    网桥    路由器    网关',NULL,14,0,'2020-06-11 14:29:13',NULL,6,2,1),(3346,'写出现代计算机网络的五个方面的应用','写出现代计算机网络的五个方面的应用',2,NULL,NULL,NULL,NULL,'万维网(WWW)信息浏览、电子邮件(E-mail)、文件传输(FTP)、远程登录(Telnet)、电子公告牌(bulletin broad system，BBS以及Netnews)、电子商务、远程教育。',NULL,14,0,'2020-06-11 14:29:13',NULL,6,2,1),(3347,'TCP/IP的核心思想(理念)是什么？','TCP/IP的核心思想(理念)是什么？',2,NULL,NULL,NULL,NULL,'TCP/IP的核心思想就是“网络互联”，将使用不同低层协议的异构网络，在传输层、网络层建立一个统一的虚拟逻辑网络，以此来屏蔽所有物理网络的硬件差异，从而实现网络的互联',NULL,14,0,'2020-06-11 14:29:13',NULL,6,2,1),(3348,'物理层的接口有哪几个方面的特性？各包含些什么内容？','物理层的接口有哪几个方面的特性？各包含些什么内容？',2,NULL,NULL,NULL,NULL,'物理层的接口主要有四个方面的特性，即机械特性-说明接口所用接线器的形状和尺寸、引线数目和排列、固定和锁定装置等等。例如对各种规格的电源插头的尺寸都有严格的规定。\n电气特性-说明在接口电缆的哪条线上出现的电压应为什么范围，即什么样的电压表示1 或0。\n功能特性-说明某条线上出现的某一电平的电压表示何种意义。\n规程特性-说明对于不同功能的各种可能事件的出现顺序。',NULL,14,0,'2020-06-11 14:29:13',NULL,6,2,1),(3349,'传播时延、发送时延各自的物理意义是什么？','传播时延、发送时延各自的物理意义是什么？',2,NULL,NULL,NULL,NULL,'传播时延是指电磁波在信道中传输所需要的时间。它取决于电磁波在信道上的传输速率以及所传播的距离。发送时延是发送数据所需要的时间。它取决于数据块的长度和数据在信道上的发送速率。',NULL,14,0,'2020-06-11 14:29:13',NULL,6,2,1),(3350,'什么是全双工以太网？','什么是全双工以太网？',2,NULL,NULL,NULL,NULL,'全双工以太网可以双向传输数据，不需要冲突检查功能，允许同时发送和接收，由全双工以太网开关实施网络通信管理，比传统的10BASE-T 的吞吐量大一倍。',NULL,14,0,'2020-06-11 14:29:13',NULL,6,2,1);

/*Table structure for table `t_reply` */

DROP TABLE IF EXISTS `t_reply`;

CREATE TABLE `t_reply` (
  `id` int(8) NOT NULL AUTO_INCREMENT COMMENT '主键ID',
  `user_id` int(8) DEFAULT NULL COMMENT '用户id',
  `atuser_id` int(8) DEFAULT NULL COMMENT '被回复用户id',
  `post_id` int(8) DEFAULT NULL COMMENT '帖子id',
  `comment_id` int(8) DEFAULT NULL COMMENT '评论id',
  `content` varchar(255) COLLATE utf8mb4_unicode_ci DEFAULT NULL COMMENT '内容',
  `create_time` timestamp NULL DEFAULT CURRENT_TIMESTAMP COMMENT '创建时间',
  PRIMARY KEY (`id`)
) ENGINE=InnoDB DEFAULT CHARSET=utf8mb4 COLLATE=utf8mb4_unicode_ci;

/*Data for the table `t_reply` */

/*Table structure for table `t_subject` */

DROP TABLE IF EXISTS `t_subject`;

CREATE TABLE `t_subject` (
  `id` int(8) NOT NULL AUTO_INCREMENT COMMENT '主键ID',
  `name` varchar(50) COLLATE utf8mb4_unicode_ci DEFAULT NULL COMMENT '学科名称',
  `create_time` timestamp NULL DEFAULT CURRENT_TIMESTAMP COMMENT '创建时间',
  `update_time` datetime DEFAULT NULL COMMENT '更新时间',
  `question_num` int(11) DEFAULT '0' COMMENT '题目数量',
  `img_url` varchar(63) COLLATE utf8mb4_unicode_ci DEFAULT NULL COMMENT '图片url',
  `state` int(4) DEFAULT '0' COMMENT '课程状态,0表示正常,1表示弃用',
  PRIMARY KEY (`id`)
) ENGINE=InnoDB AUTO_INCREMENT=30 DEFAULT CHARSET=utf8mb4 COLLATE=utf8mb4_unicode_ci;

/*Data for the table `t_subject` */

insert  into `t_subject`(`id`,`name`,`create_time`,`update_time`,`question_num`,`img_url`,`state`) values (1,'计算机组成原理','2018-01-18 21:56:29','2018-01-18 21:56:29',0,'problemset_default.jpg',0),(2,'C语言程序设计','2018-01-18 22:32:54','2018-01-18 22:32:54',0,'problemset_c.jpg',0),(3,'Java语言程序设计','2018-01-18 22:32:54','2018-01-18 22:32:54',0,'problemset_java.jpg',0),(4,'C++语言程序设计','2018-01-18 22:32:54','2018-01-18 22:32:54',0,'problemset_c++.jpg',0),(5,'Python语言程序设计','2018-01-18 22:32:54','2018-01-18 22:32:54',0,'problemset_python.jpg',0),(6,'数据结构与算法','2018-01-18 22:32:54','2018-01-18 22:32:54',0,'problemset_datastructures.jpg',0),(7,'软件测试','2018-01-18 22:32:54','2018-01-18 22:59:40',0,'problemset_softwareTest.jpg',0),(8,'数据库概论','2018-01-18 22:32:54','2018-01-18 22:32:54',0,'problemset_database.jpg',0),(9,'大学计算机','2018-01-26 15:59:21','2018-01-26 15:59:37',0,'problemset_computer.jpg',0),(10,'人工智能原理','2018-01-26 16:01:29','2018-01-26 16:01:29',0,'problemset_ai.png',0),(11,'大数据算法','2018-01-26 16:02:40','2018-01-26 16:02:40',0,'problemset_bigdata.jpg',0),(12,'物联网概论','2018-01-26 16:05:06','2018-01-26 16:05:13',0,'problemset_internetofthings.jpg',0),(13,'计算机操作系统','2018-01-26 16:06:13','2018-01-26 16:06:13',0,'problemset_os.jpg',0),(14,'计算机网络','2018-01-26 16:07:25','2018-01-26 16:08:35',0,'problemset_networld.jpg',0),(15,'算法设计与分析入门','2018-01-26 16:09:47','2018-01-26 16:09:47',0,'problemset_algorithm.jpg',0),(16,'计算机图形学','2018-01-26 16:10:17','2018-01-26 16:10:17',0,'problemset_graphic.jpg',0),(17,'数字电路与系统','2018-01-26 16:26:31','2018-01-26 16:26:31',0,'problemset_digitalcircuits.jpg',0),(19,'线性代数','2018-03-04 20:40:10','2018-03-04 20:40:10',0,'problemset_default.jpg',0),(20,'C语言程序设计','2018-04-13 19:33:14','2018-04-13 19:33:14',0,'problemset_c.jpg',0),(21,'Java语言程序设计','2018-04-13 19:33:14','2018-04-13 19:33:14',0,'problemset_java.jpg',0),(22,'C++语言程序设计','2018-04-13 19:33:14','2018-04-13 19:33:14',0,'problemset_c++.jpg',0),(23,'Python语言程序设计','2018-04-13 19:33:14','2018-04-13 19:33:14',0,'problemset_python.jpg',0),(24,'数据结构与算法','2018-04-13 19:33:14','2018-04-13 19:33:14',0,'problemset_datastructures.jpg',0),(25,'数据结构与算法','2018-04-13 19:33:14','2018-04-13 19:33:14',0,'problemset_datastructures.jpg',0),(29,'操作系统','2020-06-10 15:00:31','2020-06-10 15:00:31',0,'problemset_default.jpg',0);

/*!40101 SET SQL_MODE=@OLD_SQL_MODE */;
/*!40014 SET FOREIGN_KEY_CHECKS=@OLD_FOREIGN_KEY_CHECKS */;
/*!40014 SET UNIQUE_CHECKS=@OLD_UNIQUE_CHECKS */;
/*!40111 SET SQL_NOTES=@OLD_SQL_NOTES */;
